Date_SK,Date,Day,Month,Month_Name,Quarter,Year,Week,Day_Name,Is_Weekend
1,2015-01-01 0:00:00,1,1,January,1,2015,1,Thursday,0
2,2015-01-02 0:00:00,2,1,January,1,2015,1,Friday,0
3,2015-01-03 0:00:00,3,1,January,1,2015,1,Saturday,1
4,2015-01-04 0:00:00,4,1,January,1,2015,1,Sunday,1
5,2015-01-05 0:00:00,5,1,January,1,2015,2,Monday,0
6,2015-01-06 0:00:00,6,1,January,1,2015,2,Tuesday,0
7,2015-01-07 0:00:00,7,1,January,1,2015,2,Wednesday,0
8,2015-01-08 0:00:00,8,1,January,1,2015,2,Thursday,0
9,2015-01-09 0:00:00,9,1,January,1,2015,2,Friday,0
10,2015-01-10 0:00:00,10,1,January,1,2015,2,Saturday,1
11,2015-01-11 0:00:00,11,1,January,1,2015,2,Sunday,1
12,2015-01-12 0:00:00,12,1,January,1,2015,3,Monday,0
13,2015-01-13 0:00:00,13,1,January,1,2015,3,Tuesday,0
14,2015-01-14 0:00:00,14,1,January,1,2015,3,Wednesday,0
15,2015-01-15 0:00:00,15,1,January,1,2015,3,Thursday,0
16,2015-01-16 0:00:00,16,1,January,1,2015,3,Friday,0
17,2015-01-17 0:00:00,17,1,January,1,2015,3,Saturday,1
18,2015-01-18 0:00:00,18,1,January,1,2015,3,Sunday,1
19,2015-01-19 0:00:00,19,1,January,1,2015,4,Monday,0
20,2015-01-20 0:00:00,20,1,January,1,2015,4,Tuesday,0
21,2015-01-21 0:00:00,21,1,January,1,2015,4,Wednesday,0
22,2015-01-22 0:00:00,22,1,January,1,2015,4,Thursday,0
23,2015-01-23 0:00:00,23,1,January,1,2015,4,Friday,0
24,2015-01-24 0:00:00,24,1,January,1,2015,4,Saturday,1
25,2015-01-25 0:00:00,25,1,January,1,2015,4,Sunday,1
26,2015-01-26 0:00:00,26,1,January,1,2015,5,Monday,0
27,2015-01-27 0:00:00,27,1,January,1,2015,5,Tuesday,0
28,2015-01-28 0:00:00,28,1,January,1,2015,5,Wednesday,0
29,2015-01-29 0:00:00,29,1,January,1,2015,5,Thursday,0
30,2015-01-30 0:00:00,30,1,January,1,2015,5,Friday,0
31,2015-01-31 0:00:00,31,1,January,1,2015,5,Saturday,1
32,2015-02-01 0:00:00,1,2,February,1,2015,5,Sunday,1
33,2015-02-02 0:00:00,2,2,February,1,2015,6,Monday,0
34,2015-02-03 0:00:00,3,2,February,1,2015,6,Tuesday,0
35,2015-02-04 0:00:00,4,2,February,1,2015,6,Wednesday,0
36,2015-02-05 0:00:00,5,2,February,1,2015,6,Thursday,0
37,2015-02-06 0:00:00,6,2,February,1,2015,6,Friday,0
38,2015-02-07 0:00:00,7,2,February,1,2015,6,Saturday,1
39,2015-02-08 0:00:00,8,2,February,1,2015,6,Sunday,1
40,2015-02-09 0:00:00,9,2,February,1,2015,7,Monday,0
41,2015-02-10 0:00:00,10,2,February,1,2015,7,Tuesday,0
42,2015-02-11 0:00:00,11,2,February,1,2015,7,Wednesday,0
43,2015-02-12 0:00:00,12,2,February,1,2015,7,Thursday,0
44,2015-02-13 0:00:00,13,2,February,1,2015,7,Friday,0
45,2015-02-14 0:00:00,14,2,February,1,2015,7,Saturday,1
46,2015-02-15 0:00:00,15,2,February,1,2015,7,Sunday,1
47,2015-02-16 0:00:00,16,2,February,1,2015,8,Monday,0
48,2015-02-17 0:00:00,17,2,February,1,2015,8,Tuesday,0
49,2015-02-18 0:00:00,18,2,February,1,2015,8,Wednesday,0
50,2015-02-19 0:00:00,19,2,February,1,2015,8,Thursday,0
51,2015-02-20 0:00:00,20,2,February,1,2015,8,Friday,0
52,2015-02-21 0:00:00,21,2,February,1,2015,8,Saturday,1
53,2015-02-22 0:00:00,22,2,February,1,2015,8,Sunday,1
54,2015-02-23 0:00:00,23,2,February,1,2015,9,Monday,0
55,2015-02-24 0:00:00,24,2,February,1,2015,9,Tuesday,0
56,2015-02-25 0:00:00,25,2,February,1,2015,9,Wednesday,0
57,2015-02-26 0:00:00,26,2,February,1,2015,9,Thursday,0
58,2015-02-27 0:00:00,27,2,February,1,2015,9,Friday,0
59,2015-02-28 0:00:00,28,2,February,1,2015,9,Saturday,1
60,2015-03-01 0:00:00,1,3,March,1,2015,9,Sunday,1
61,2015-03-02 0:00:00,2,3,March,1,2015,10,Monday,0
62,2015-03-03 0:00:00,3,3,March,1,2015,10,Tuesday,0
63,2015-03-04 0:00:00,4,3,March,1,2015,10,Wednesday,0
64,2015-03-05 0:00:00,5,3,March,1,2015,10,Thursday,0
65,2015-03-06 0:00:00,6,3,March,1,2015,10,Friday,0
66,2015-03-07 0:00:00,7,3,March,1,2015,10,Saturday,1
67,2015-03-08 0:00:00,8,3,March,1,2015,10,Sunday,1
68,2015-03-09 0:00:00,9,3,March,1,2015,11,Monday,0
69,2015-03-10 0:00:00,10,3,March,1,2015,11,Tuesday,0
70,2015-03-11 0:00:00,11,3,March,1,2015,11,Wednesday,0
71,2015-03-12 0:00:00,12,3,March,1,2015,11,Thursday,0
72,2015-03-13 0:00:00,13,3,March,1,2015,11,Friday,0
73,2015-03-14 0:00:00,14,3,March,1,2015,11,Saturday,1
74,2015-03-15 0:00:00,15,3,March,1,2015,11,Sunday,1
75,2015-03-16 0:00:00,16,3,March,1,2015,12,Monday,0
76,2015-03-17 0:00:00,17,3,March,1,2015,12,Tuesday,0
77,2015-03-18 0:00:00,18,3,March,1,2015,12,Wednesday,0
78,2015-03-19 0:00:00,19,3,March,1,2015,12,Thursday,0
79,2015-03-20 0:00:00,20,3,March,1,2015,12,Friday,0
80,2015-03-21 0:00:00,21,3,March,1,2015,12,Saturday,1
81,2015-03-22 0:00:00,22,3,March,1,2015,12,Sunday,1
82,2015-03-23 0:00:00,23,3,March,1,2015,13,Monday,0
83,2015-03-24 0:00:00,24,3,March,1,2015,13,Tuesday,0
84,2015-03-25 0:00:00,25,3,March,1,2015,13,Wednesday,0
85,2015-03-26 0:00:00,26,3,March,1,2015,13,Thursday,0
86,2015-03-27 0:00:00,27,3,March,1,2015,13,Friday,0
87,2015-03-28 0:00:00,28,3,March,1,2015,13,Saturday,1
88,2015-03-29 0:00:00,29,3,March,1,2015,13,Sunday,1
89,2015-03-30 0:00:00,30,3,March,1,2015,14,Monday,0
90,2015-03-31 0:00:00,31,3,March,1,2015,14,Tuesday,0
91,2015-04-01 0:00:00,1,4,April,2,2015,14,Wednesday,0
92,2015-04-02 0:00:00,2,4,April,2,2015,14,Thursday,0
93,2015-04-03 0:00:00,3,4,April,2,2015,14,Friday,0
94,2015-04-04 0:00:00,4,4,April,2,2015,14,Saturday,1
95,2015-04-05 0:00:00,5,4,April,2,2015,14,Sunday,1
96,2015-04-06 0:00:00,6,4,April,2,2015,15,Monday,0
97,2015-04-07 0:00:00,7,4,April,2,2015,15,Tuesday,0
98,2015-04-08 0:00:00,8,4,April,2,2015,15,Wednesday,0
99,2015-04-09 0:00:00,9,4,April,2,2015,15,Thursday,0
100,2015-04-10 0:00:00,10,4,April,2,2015,15,Friday,0
101,2015-04-11 0:00:00,11,4,April,2,2015,15,Saturday,1
102,2015-04-12 0:00:00,12,4,April,2,2015,15,Sunday,1
103,2015-04-13 0:00:00,13,4,April,2,2015,16,Monday,0
104,2015-04-14 0:00:00,14,4,April,2,2015,16,Tuesday,0
105,2015-04-15 0:00:00,15,4,April,2,2015,16,Wednesday,0
106,2015-04-16 0:00:00,16,4,April,2,2015,16,Thursday,0
107,2015-04-17 0:00:00,17,4,April,2,2015,16,Friday,0
108,2015-04-18 0:00:00,18,4,April,2,2015,16,Saturday,1
109,2015-04-19 0:00:00,19,4,April,2,2015,16,Sunday,1
110,2015-04-20 0:00:00,20,4,April,2,2015,17,Monday,0
111,2015-04-21 0:00:00,21,4,April,2,2015,17,Tuesday,0
112,2015-04-22 0:00:00,22,4,April,2,2015,17,Wednesday,0
113,2015-04-23 0:00:00,23,4,April,2,2015,17,Thursday,0
114,2015-04-24 0:00:00,24,4,April,2,2015,17,Friday,0
115,2015-04-25 0:00:00,25,4,April,2,2015,17,Saturday,1
116,2015-04-26 0:00:00,26,4,April,2,2015,17,Sunday,1
117,2015-04-27 0:00:00,27,4,April,2,2015,18,Monday,0
118,2015-04-28 0:00:00,28,4,April,2,2015,18,Tuesday,0
119,2015-04-29 0:00:00,29,4,April,2,2015,18,Wednesday,0
120,2015-04-30 0:00:00,30,4,April,2,2015,18,Thursday,0
121,2015-05-01 0:00:00,1,5,May,2,2015,18,Friday,0
122,2015-05-02 0:00:00,2,5,May,2,2015,18,Saturday,1
123,2015-05-03 0:00:00,3,5,May,2,2015,18,Sunday,1
124,2015-05-04 0:00:00,4,5,May,2,2015,19,Monday,0
125,2015-05-05 0:00:00,5,5,May,2,2015,19,Tuesday,0
126,2015-05-06 0:00:00,6,5,May,2,2015,19,Wednesday,0
127,2015-05-07 0:00:00,7,5,May,2,2015,19,Thursday,0
128,2015-05-08 0:00:00,8,5,May,2,2015,19,Friday,0
129,2015-05-09 0:00:00,9,5,May,2,2015,19,Saturday,1
130,2015-05-10 0:00:00,10,5,May,2,2015,19,Sunday,1
131,2015-05-11 0:00:00,11,5,May,2,2015,20,Monday,0
132,2015-05-12 0:00:00,12,5,May,2,2015,20,Tuesday,0
133,2015-05-13 0:00:00,13,5,May,2,2015,20,Wednesday,0
134,2015-05-14 0:00:00,14,5,May,2,2015,20,Thursday,0
135,2015-05-15 0:00:00,15,5,May,2,2015,20,Friday,0
136,2015-05-16 0:00:00,16,5,May,2,2015,20,Saturday,1
137,2015-05-17 0:00:00,17,5,May,2,2015,20,Sunday,1
138,2015-05-18 0:00:00,18,5,May,2,2015,21,Monday,0
139,2015-05-19 0:00:00,19,5,May,2,2015,21,Tuesday,0
140,2015-05-20 0:00:00,20,5,May,2,2015,21,Wednesday,0
141,2015-05-21 0:00:00,21,5,May,2,2015,21,Thursday,0
142,2015-05-22 0:00:00,22,5,May,2,2015,21,Friday,0
143,2015-05-23 0:00:00,23,5,May,2,2015,21,Saturday,1
144,2015-05-24 0:00:00,24,5,May,2,2015,21,Sunday,1
145,2015-05-25 0:00:00,25,5,May,2,2015,22,Monday,0
146,2015-05-26 0:00:00,26,5,May,2,2015,22,Tuesday,0
147,2015-05-27 0:00:00,27,5,May,2,2015,22,Wednesday,0
148,2015-05-28 0:00:00,28,5,May,2,2015,22,Thursday,0
149,2015-05-29 0:00:00,29,5,May,2,2015,22,Friday,0
150,2015-05-30 0:00:00,30,5,May,2,2015,22,Saturday,1
151,2015-05-31 0:00:00,31,5,May,2,2015,22,Sunday,1
152,2015-06-01 0:00:00,1,6,June,2,2015,23,Monday,0
153,2015-06-02 0:00:00,2,6,June,2,2015,23,Tuesday,0
154,2015-06-03 0:00:00,3,6,June,2,2015,23,Wednesday,0
155,2015-06-04 0:00:00,4,6,June,2,2015,23,Thursday,0
156,2015-06-05 0:00:00,5,6,June,2,2015,23,Friday,0
157,2015-06-06 0:00:00,6,6,June,2,2015,23,Saturday,1
158,2015-06-07 0:00:00,7,6,June,2,2015,23,Sunday,1
159,2015-06-08 0:00:00,8,6,June,2,2015,24,Monday,0
160,2015-06-09 0:00:00,9,6,June,2,2015,24,Tuesday,0
161,2015-06-10 0:00:00,10,6,June,2,2015,24,Wednesday,0
162,2015-06-11 0:00:00,11,6,June,2,2015,24,Thursday,0
163,2015-06-12 0:00:00,12,6,June,2,2015,24,Friday,0
164,2015-06-13 0:00:00,13,6,June,2,2015,24,Saturday,1
165,2015-06-14 0:00:00,14,6,June,2,2015,24,Sunday,1
166,2015-06-15 0:00:00,15,6,June,2,2015,25,Monday,0
167,2015-06-16 0:00:00,16,6,June,2,2015,25,Tuesday,0
168,2015-06-17 0:00:00,17,6,June,2,2015,25,Wednesday,0
169,2015-06-18 0:00:00,18,6,June,2,2015,25,Thursday,0
170,2015-06-19 0:00:00,19,6,June,2,2015,25,Friday,0
171,2015-06-20 0:00:00,20,6,June,2,2015,25,Saturday,1
172,2015-06-21 0:00:00,21,6,June,2,2015,25,Sunday,1
173,2015-06-22 0:00:00,22,6,June,2,2015,26,Monday,0
174,2015-06-23 0:00:00,23,6,June,2,2015,26,Tuesday,0
175,2015-06-24 0:00:00,24,6,June,2,2015,26,Wednesday,0
176,2015-06-25 0:00:00,25,6,June,2,2015,26,Thursday,0
177,2015-06-26 0:00:00,26,6,June,2,2015,26,Friday,0
178,2015-06-27 0:00:00,27,6,June,2,2015,26,Saturday,1
179,2015-06-28 0:00:00,28,6,June,2,2015,26,Sunday,1
180,2015-06-29 0:00:00,29,6,June,2,2015,27,Monday,0
181,2015-06-30 0:00:00,30,6,June,2,2015,27,Tuesday,0
182,2015-07-01 0:00:00,1,7,July,3,2015,27,Wednesday,0
183,2015-07-02 0:00:00,2,7,July,3,2015,27,Thursday,0
184,2015-07-03 0:00:00,3,7,July,3,2015,27,Friday,0
185,2015-07-04 0:00:00,4,7,July,3,2015,27,Saturday,1
186,2015-07-05 0:00:00,5,7,July,3,2015,27,Sunday,1
187,2015-07-06 0:00:00,6,7,July,3,2015,28,Monday,0
188,2015-07-07 0:00:00,7,7,July,3,2015,28,Tuesday,0
189,2015-07-08 0:00:00,8,7,July,3,2015,28,Wednesday,0
190,2015-07-09 0:00:00,9,7,July,3,2015,28,Thursday,0
191,2015-07-10 0:00:00,10,7,July,3,2015,28,Friday,0
192,2015-07-11 0:00:00,11,7,July,3,2015,28,Saturday,1
193,2015-07-12 0:00:00,12,7,July,3,2015,28,Sunday,1
194,2015-07-13 0:00:00,13,7,July,3,2015,29,Monday,0
195,2015-07-14 0:00:00,14,7,July,3,2015,29,Tuesday,0
196,2015-07-15 0:00:00,15,7,July,3,2015,29,Wednesday,0
197,2015-07-16 0:00:00,16,7,July,3,2015,29,Thursday,0
198,2015-07-17 0:00:00,17,7,July,3,2015,29,Friday,0
199,2015-07-18 0:00:00,18,7,July,3,2015,29,Saturday,1
200,2015-07-19 0:00:00,19,7,July,3,2015,29,Sunday,1
201,2015-07-20 0:00:00,20,7,July,3,2015,30,Monday,0
202,2015-07-21 0:00:00,21,7,July,3,2015,30,Tuesday,0
203,2015-07-22 0:00:00,22,7,July,3,2015,30,Wednesday,0
204,2015-07-23 0:00:00,23,7,July,3,2015,30,Thursday,0
205,2015-07-24 0:00:00,24,7,July,3,2015,30,Friday,0
206,2015-07-25 0:00:00,25,7,July,3,2015,30,Saturday,1
207,2015-07-26 0:00:00,26,7,July,3,2015,30,Sunday,1
208,2015-07-27 0:00:00,27,7,July,3,2015,31,Monday,0
209,2015-07-28 0:00:00,28,7,July,3,2015,31,Tuesday,0
210,2015-07-29 0:00:00,29,7,July,3,2015,31,Wednesday,0
211,2015-07-30 0:00:00,30,7,July,3,2015,31,Thursday,0
212,2015-07-31 0:00:00,31,7,July,3,2015,31,Friday,0
213,2015-08-01 0:00:00,1,8,August,3,2015,31,Saturday,1
214,2015-08-02 0:00:00,2,8,August,3,2015,31,Sunday,1
215,2015-08-03 0:00:00,3,8,August,3,2015,32,Monday,0
216,2015-08-04 0:00:00,4,8,August,3,2015,32,Tuesday,0
217,2015-08-05 0:00:00,5,8,August,3,2015,32,Wednesday,0
218,2015-08-06 0:00:00,6,8,August,3,2015,32,Thursday,0
219,2015-08-07 0:00:00,7,8,August,3,2015,32,Friday,0
220,2015-08-08 0:00:00,8,8,August,3,2015,32,Saturday,1
221,2015-08-09 0:00:00,9,8,August,3,2015,32,Sunday,1
222,2015-08-10 0:00:00,10,8,August,3,2015,33,Monday,0
223,2015-08-11 0:00:00,11,8,August,3,2015,33,Tuesday,0
224,2015-08-12 0:00:00,12,8,August,3,2015,33,Wednesday,0
225,2015-08-13 0:00:00,13,8,August,3,2015,33,Thursday,0
226,2015-08-14 0:00:00,14,8,August,3,2015,33,Friday,0
227,2015-08-15 0:00:00,15,8,August,3,2015,33,Saturday,1
228,2015-08-16 0:00:00,16,8,August,3,2015,33,Sunday,1
229,2015-08-17 0:00:00,17,8,August,3,2015,34,Monday,0
230,2015-08-18 0:00:00,18,8,August,3,2015,34,Tuesday,0
231,2015-08-19 0:00:00,19,8,August,3,2015,34,Wednesday,0
232,2015-08-20 0:00:00,20,8,August,3,2015,34,Thursday,0
233,2015-08-21 0:00:00,21,8,August,3,2015,34,Friday,0
234,2015-08-22 0:00:00,22,8,August,3,2015,34,Saturday,1
235,2015-08-23 0:00:00,23,8,August,3,2015,34,Sunday,1
236,2015-08-24 0:00:00,24,8,August,3,2015,35,Monday,0
237,2015-08-25 0:00:00,25,8,August,3,2015,35,Tuesday,0
238,2015-08-26 0:00:00,26,8,August,3,2015,35,Wednesday,0
239,2015-08-27 0:00:00,27,8,August,3,2015,35,Thursday,0
240,2015-08-28 0:00:00,28,8,August,3,2015,35,Friday,0
241,2015-08-29 0:00:00,29,8,August,3,2015,35,Saturday,1
242,2015-08-30 0:00:00,30,8,August,3,2015,35,Sunday,1
243,2015-08-31 0:00:00,31,8,August,3,2015,36,Monday,0
244,2015-09-01 0:00:00,1,9,September,3,2015,36,Tuesday,0
245,2015-09-02 0:00:00,2,9,September,3,2015,36,Wednesday,0
246,2015-09-03 0:00:00,3,9,September,3,2015,36,Thursday,0
247,2015-09-04 0:00:00,4,9,September,3,2015,36,Friday,0
248,2015-09-05 0:00:00,5,9,September,3,2015,36,Saturday,1
249,2015-09-06 0:00:00,6,9,September,3,2015,36,Sunday,1
250,2015-09-07 0:00:00,7,9,September,3,2015,37,Monday,0
251,2015-09-08 0:00:00,8,9,September,3,2015,37,Tuesday,0
252,2015-09-09 0:00:00,9,9,September,3,2015,37,Wednesday,0
253,2015-09-10 0:00:00,10,9,September,3,2015,37,Thursday,0
254,2015-09-11 0:00:00,11,9,September,3,2015,37,Friday,0
255,2015-09-12 0:00:00,12,9,September,3,2015,37,Saturday,1
256,2015-09-13 0:00:00,13,9,September,3,2015,37,Sunday,1
257,2015-09-14 0:00:00,14,9,September,3,2015,38,Monday,0
258,2015-09-15 0:00:00,15,9,September,3,2015,38,Tuesday,0
259,2015-09-16 0:00:00,16,9,September,3,2015,38,Wednesday,0
260,2015-09-17 0:00:00,17,9,September,3,2015,38,Thursday,0
261,2015-09-18 0:00:00,18,9,September,3,2015,38,Friday,0
262,2015-09-19 0:00:00,19,9,September,3,2015,38,Saturday,1
263,2015-09-20 0:00:00,20,9,September,3,2015,38,Sunday,1
264,2015-09-21 0:00:00,21,9,September,3,2015,39,Monday,0
265,2015-09-22 0:00:00,22,9,September,3,2015,39,Tuesday,0
266,2015-09-23 0:00:00,23,9,September,3,2015,39,Wednesday,0
267,2015-09-24 0:00:00,24,9,September,3,2015,39,Thursday,0
268,2015-09-25 0:00:00,25,9,September,3,2015,39,Friday,0
269,2015-09-26 0:00:00,26,9,September,3,2015,39,Saturday,1
270,2015-09-27 0:00:00,27,9,September,3,2015,39,Sunday,1
271,2015-09-28 0:00:00,28,9,September,3,2015,40,Monday,0
272,2015-09-29 0:00:00,29,9,September,3,2015,40,Tuesday,0
273,2015-09-30 0:00:00,30,9,September,3,2015,40,Wednesday,0
274,2015-10-01 0:00:00,1,10,October,4,2015,40,Thursday,0
275,2015-10-02 0:00:00,2,10,October,4,2015,40,Friday,0
276,2015-10-03 0:00:00,3,10,October,4,2015,40,Saturday,1
277,2015-10-04 0:00:00,4,10,October,4,2015,40,Sunday,1
278,2015-10-05 0:00:00,5,10,October,4,2015,41,Monday,0
279,2015-10-06 0:00:00,6,10,October,4,2015,41,Tuesday,0
280,2015-10-07 0:00:00,7,10,October,4,2015,41,Wednesday,0
281,2015-10-08 0:00:00,8,10,October,4,2015,41,Thursday,0
282,2015-10-09 0:00:00,9,10,October,4,2015,41,Friday,0
283,2015-10-10 0:00:00,10,10,October,4,2015,41,Saturday,1
284,2015-10-11 0:00:00,11,10,October,4,2015,41,Sunday,1
285,2015-10-12 0:00:00,12,10,October,4,2015,42,Monday,0
286,2015-10-13 0:00:00,13,10,October,4,2015,42,Tuesday,0
287,2015-10-14 0:00:00,14,10,October,4,2015,42,Wednesday,0
288,2015-10-15 0:00:00,15,10,October,4,2015,42,Thursday,0
289,2015-10-16 0:00:00,16,10,October,4,2015,42,Friday,0
290,2015-10-17 0:00:00,17,10,October,4,2015,42,Saturday,1
291,2015-10-18 0:00:00,18,10,October,4,2015,42,Sunday,1
292,2015-10-19 0:00:00,19,10,October,4,2015,43,Monday,0
293,2015-10-20 0:00:00,20,10,October,4,2015,43,Tuesday,0
294,2015-10-21 0:00:00,21,10,October,4,2015,43,Wednesday,0
295,2015-10-22 0:00:00,22,10,October,4,2015,43,Thursday,0
296,2015-10-23 0:00:00,23,10,October,4,2015,43,Friday,0
297,2015-10-24 0:00:00,24,10,October,4,2015,43,Saturday,1
298,2015-10-25 0:00:00,25,10,October,4,2015,43,Sunday,1
299,2015-10-26 0:00:00,26,10,October,4,2015,44,Monday,0
300,2015-10-27 0:00:00,27,10,October,4,2015,44,Tuesday,0
301,2015-10-28 0:00:00,28,10,October,4,2015,44,Wednesday,0
302,2015-10-29 0:00:00,29,10,October,4,2015,44,Thursday,0
303,2015-10-30 0:00:00,30,10,October,4,2015,44,Friday,0
304,2015-10-31 0:00:00,31,10,October,4,2015,44,Saturday,1
305,2015-11-01 0:00:00,1,11,November,4,2015,44,Sunday,1
306,2015-11-02 0:00:00,2,11,November,4,2015,45,Monday,0
307,2015-11-03 0:00:00,3,11,November,4,2015,45,Tuesday,0
308,2015-11-04 0:00:00,4,11,November,4,2015,45,Wednesday,0
309,2015-11-05 0:00:00,5,11,November,4,2015,45,Thursday,0
310,2015-11-06 0:00:00,6,11,November,4,2015,45,Friday,0
311,2015-11-07 0:00:00,7,11,November,4,2015,45,Saturday,1
312,2015-11-08 0:00:00,8,11,November,4,2015,45,Sunday,1
313,2015-11-09 0:00:00,9,11,November,4,2015,46,Monday,0
314,2015-11-10 0:00:00,10,11,November,4,2015,46,Tuesday,0
315,2015-11-11 0:00:00,11,11,November,4,2015,46,Wednesday,0
316,2015-11-12 0:00:00,12,11,November,4,2015,46,Thursday,0
317,2015-11-13 0:00:00,13,11,November,4,2015,46,Friday,0
318,2015-11-14 0:00:00,14,11,November,4,2015,46,Saturday,1
319,2015-11-15 0:00:00,15,11,November,4,2015,46,Sunday,1
320,2015-11-16 0:00:00,16,11,November,4,2015,47,Monday,0
321,2015-11-17 0:00:00,17,11,November,4,2015,47,Tuesday,0
322,2015-11-18 0:00:00,18,11,November,4,2015,47,Wednesday,0
323,2015-11-19 0:00:00,19,11,November,4,2015,47,Thursday,0
324,2015-11-20 0:00:00,20,11,November,4,2015,47,Friday,0
325,2015-11-21 0:00:00,21,11,November,4,2015,47,Saturday,1
326,2015-11-22 0:00:00,22,11,November,4,2015,47,Sunday,1
327,2015-11-23 0:00:00,23,11,November,4,2015,48,Monday,0
328,2015-11-24 0:00:00,24,11,November,4,2015,48,Tuesday,0
329,2015-11-25 0:00:00,25,11,November,4,2015,48,Wednesday,0
330,2015-11-26 0:00:00,26,11,November,4,2015,48,Thursday,0
331,2015-11-27 0:00:00,27,11,November,4,2015,48,Friday,0
332,2015-11-28 0:00:00,28,11,November,4,2015,48,Saturday,1
333,2015-11-29 0:00:00,29,11,November,4,2015,48,Sunday,1
334,2015-11-30 0:00:00,30,11,November,4,2015,49,Monday,0
335,2015-12-01 0:00:00,1,12,December,4,2015,49,Tuesday,0
336,2015-12-02 0:00:00,2,12,December,4,2015,49,Wednesday,0
337,2015-12-03 0:00:00,3,12,December,4,2015,49,Thursday,0
338,2015-12-04 0:00:00,4,12,December,4,2015,49,Friday,0
339,2015-12-05 0:00:00,5,12,December,4,2015,49,Saturday,1
340,2015-12-06 0:00:00,6,12,December,4,2015,49,Sunday,1
341,2015-12-07 0:00:00,7,12,December,4,2015,50,Monday,0
342,2015-12-08 0:00:00,8,12,December,4,2015,50,Tuesday,0
343,2015-12-09 0:00:00,9,12,December,4,2015,50,Wednesday,0
344,2015-12-10 0:00:00,10,12,December,4,2015,50,Thursday,0
345,2015-12-11 0:00:00,11,12,December,4,2015,50,Friday,0
346,2015-12-12 0:00:00,12,12,December,4,2015,50,Saturday,1
347,2015-12-13 0:00:00,13,12,December,4,2015,50,Sunday,1
348,2015-12-14 0:00:00,14,12,December,4,2015,51,Monday,0
349,2015-12-15 0:00:00,15,12,December,4,2015,51,Tuesday,0
350,2015-12-16 0:00:00,16,12,December,4,2015,51,Wednesday,0
351,2015-12-17 0:00:00,17,12,December,4,2015,51,Thursday,0
352,2015-12-18 0:00:00,18,12,December,4,2015,51,Friday,0
353,2015-12-19 0:00:00,19,12,December,4,2015,51,Saturday,1
354,2015-12-20 0:00:00,20,12,December,4,2015,51,Sunday,1
355,2015-12-21 0:00:00,21,12,December,4,2015,52,Monday,0
356,2015-12-22 0:00:00,22,12,December,4,2015,52,Tuesday,0
357,2015-12-23 0:00:00,23,12,December,4,2015,52,Wednesday,0
358,2015-12-24 0:00:00,24,12,December,4,2015,52,Thursday,0
359,2015-12-25 0:00:00,25,12,December,4,2015,52,Friday,0
360,2015-12-26 0:00:00,26,12,December,4,2015,52,Saturday,1
361,2015-12-27 0:00:00,27,12,December,4,2015,52,Sunday,1
362,2015-12-28 0:00:00,28,12,December,4,2015,53,Monday,0
363,2015-12-29 0:00:00,29,12,December,4,2015,53,Tuesday,0
364,2015-12-30 0:00:00,30,12,December,4,2015,53,Wednesday,0
365,2015-12-31 0:00:00,31,12,December,4,2015,53,Thursday,0
366,2016-01-01 0:00:00,1,1,January,1,2016,53,Friday,0
367,2016-01-02 0:00:00,2,1,January,1,2016,53,Saturday,1
368,2016-01-03 0:00:00,3,1,January,1,2016,53,Sunday,1
369,2016-01-04 0:00:00,4,1,January,1,2016,1,Monday,0
370,2016-01-05 0:00:00,5,1,January,1,2016,1,Tuesday,0
371,2016-01-06 0:00:00,6,1,January,1,2016,1,Wednesday,0
372,2016-01-07 0:00:00,7,1,January,1,2016,1,Thursday,0
373,2016-01-08 0:00:00,8,1,January,1,2016,1,Friday,0
374,2016-01-09 0:00:00,9,1,January,1,2016,1,Saturday,1
375,2016-01-10 0:00:00,10,1,January,1,2016,1,Sunday,1
376,2016-01-11 0:00:00,11,1,January,1,2016,2,Monday,0
377,2016-01-12 0:00:00,12,1,January,1,2016,2,Tuesday,0
378,2016-01-13 0:00:00,13,1,January,1,2016,2,Wednesday,0
379,2016-01-14 0:00:00,14,1,January,1,2016,2,Thursday,0
380,2016-01-15 0:00:00,15,1,January,1,2016,2,Friday,0
381,2016-01-16 0:00:00,16,1,January,1,2016,2,Saturday,1
382,2016-01-17 0:00:00,17,1,January,1,2016,2,Sunday,1
383,2016-01-18 0:00:00,18,1,January,1,2016,3,Monday,0
384,2016-01-19 0:00:00,19,1,January,1,2016,3,Tuesday,0
385,2016-01-20 0:00:00,20,1,January,1,2016,3,Wednesday,0
386,2016-01-21 0:00:00,21,1,January,1,2016,3,Thursday,0
387,2016-01-22 0:00:00,22,1,January,1,2016,3,Friday,0
388,2016-01-23 0:00:00,23,1,January,1,2016,3,Saturday,1
389,2016-01-24 0:00:00,24,1,January,1,2016,3,Sunday,1
390,2016-01-25 0:00:00,25,1,January,1,2016,4,Monday,0
391,2016-01-26 0:00:00,26,1,January,1,2016,4,Tuesday,0
392,2016-01-27 0:00:00,27,1,January,1,2016,4,Wednesday,0
393,2016-01-28 0:00:00,28,1,January,1,2016,4,Thursday,0
394,2016-01-29 0:00:00,29,1,January,1,2016,4,Friday,0
395,2016-01-30 0:00:00,30,1,January,1,2016,4,Saturday,1
396,2016-01-31 0:00:00,31,1,January,1,2016,4,Sunday,1
397,2016-02-01 0:00:00,1,2,February,1,2016,5,Monday,0
398,2016-02-02 0:00:00,2,2,February,1,2016,5,Tuesday,0
399,2016-02-03 0:00:00,3,2,February,1,2016,5,Wednesday,0
400,2016-02-04 0:00:00,4,2,February,1,2016,5,Thursday,0
401,2016-02-05 0:00:00,5,2,February,1,2016,5,Friday,0
402,2016-02-06 0:00:00,6,2,February,1,2016,5,Saturday,1
403,2016-02-07 0:00:00,7,2,February,1,2016,5,Sunday,1
404,2016-02-08 0:00:00,8,2,February,1,2016,6,Monday,0
405,2016-02-09 0:00:00,9,2,February,1,2016,6,Tuesday,0
406,2016-02-10 0:00:00,10,2,February,1,2016,6,Wednesday,0
407,2016-02-11 0:00:00,11,2,February,1,2016,6,Thursday,0
408,2016-02-12 0:00:00,12,2,February,1,2016,6,Friday,0
409,2016-02-13 0:00:00,13,2,February,1,2016,6,Saturday,1
410,2016-02-14 0:00:00,14,2,February,1,2016,6,Sunday,1
411,2016-02-15 0:00:00,15,2,February,1,2016,7,Monday,0
412,2016-02-16 0:00:00,16,2,February,1,2016,7,Tuesday,0
413,2016-02-17 0:00:00,17,2,February,1,2016,7,Wednesday,0
414,2016-02-18 0:00:00,18,2,February,1,2016,7,Thursday,0
415,2016-02-19 0:00:00,19,2,February,1,2016,7,Friday,0
416,2016-02-20 0:00:00,20,2,February,1,2016,7,Saturday,1
417,2016-02-21 0:00:00,21,2,February,1,2016,7,Sunday,1
418,2016-02-22 0:00:00,22,2,February,1,2016,8,Monday,0
419,2016-02-23 0:00:00,23,2,February,1,2016,8,Tuesday,0
420,2016-02-24 0:00:00,24,2,February,1,2016,8,Wednesday,0
421,2016-02-25 0:00:00,25,2,February,1,2016,8,Thursday,0
422,2016-02-26 0:00:00,26,2,February,1,2016,8,Friday,0
423,2016-02-27 0:00:00,27,2,February,1,2016,8,Saturday,1
424,2016-02-28 0:00:00,28,2,February,1,2016,8,Sunday,1
425,2016-02-29 0:00:00,29,2,February,1,2016,9,Monday,0
426,2016-03-01 0:00:00,1,3,March,1,2016,9,Tuesday,0
427,2016-03-02 0:00:00,2,3,March,1,2016,9,Wednesday,0
428,2016-03-03 0:00:00,3,3,March,1,2016,9,Thursday,0
429,2016-03-04 0:00:00,4,3,March,1,2016,9,Friday,0
430,2016-03-05 0:00:00,5,3,March,1,2016,9,Saturday,1
431,2016-03-06 0:00:00,6,3,March,1,2016,9,Sunday,1
432,2016-03-07 0:00:00,7,3,March,1,2016,10,Monday,0
433,2016-03-08 0:00:00,8,3,March,1,2016,10,Tuesday,0
434,2016-03-09 0:00:00,9,3,March,1,2016,10,Wednesday,0
435,2016-03-10 0:00:00,10,3,March,1,2016,10,Thursday,0
436,2016-03-11 0:00:00,11,3,March,1,2016,10,Friday,0
437,2016-03-12 0:00:00,12,3,March,1,2016,10,Saturday,1
438,2016-03-13 0:00:00,13,3,March,1,2016,10,Sunday,1
439,2016-03-14 0:00:00,14,3,March,1,2016,11,Monday,0
440,2016-03-15 0:00:00,15,3,March,1,2016,11,Tuesday,0
441,2016-03-16 0:00:00,16,3,March,1,2016,11,Wednesday,0
442,2016-03-17 0:00:00,17,3,March,1,2016,11,Thursday,0
443,2016-03-18 0:00:00,18,3,March,1,2016,11,Friday,0
444,2016-03-19 0:00:00,19,3,March,1,2016,11,Saturday,1
445,2016-03-20 0:00:00,20,3,March,1,2016,11,Sunday,1
446,2016-03-21 0:00:00,21,3,March,1,2016,12,Monday,0
447,2016-03-22 0:00:00,22,3,March,1,2016,12,Tuesday,0
448,2016-03-23 0:00:00,23,3,March,1,2016,12,Wednesday,0
449,2016-03-24 0:00:00,24,3,March,1,2016,12,Thursday,0
450,2016-03-25 0:00:00,25,3,March,1,2016,12,Friday,0
451,2016-03-26 0:00:00,26,3,March,1,2016,12,Saturday,1
452,2016-03-27 0:00:00,27,3,March,1,2016,12,Sunday,1
453,2016-03-28 0:00:00,28,3,March,1,2016,13,Monday,0
454,2016-03-29 0:00:00,29,3,March,1,2016,13,Tuesday,0
455,2016-03-30 0:00:00,30,3,March,1,2016,13,Wednesday,0
456,2016-03-31 0:00:00,31,3,March,1,2016,13,Thursday,0
457,2016-04-01 0:00:00,1,4,April,2,2016,13,Friday,0
458,2016-04-02 0:00:00,2,4,April,2,2016,13,Saturday,1
459,2016-04-03 0:00:00,3,4,April,2,2016,13,Sunday,1
460,2016-04-04 0:00:00,4,4,April,2,2016,14,Monday,0
461,2016-04-05 0:00:00,5,4,April,2,2016,14,Tuesday,0
462,2016-04-06 0:00:00,6,4,April,2,2016,14,Wednesday,0
463,2016-04-07 0:00:00,7,4,April,2,2016,14,Thursday,0
464,2016-04-08 0:00:00,8,4,April,2,2016,14,Friday,0
465,2016-04-09 0:00:00,9,4,April,2,2016,14,Saturday,1
466,2016-04-10 0:00:00,10,4,April,2,2016,14,Sunday,1
467,2016-04-11 0:00:00,11,4,April,2,2016,15,Monday,0
468,2016-04-12 0:00:00,12,4,April,2,2016,15,Tuesday,0
469,2016-04-13 0:00:00,13,4,April,2,2016,15,Wednesday,0
470,2016-04-14 0:00:00,14,4,April,2,2016,15,Thursday,0
471,2016-04-15 0:00:00,15,4,April,2,2016,15,Friday,0
472,2016-04-16 0:00:00,16,4,April,2,2016,15,Saturday,1
473,2016-04-17 0:00:00,17,4,April,2,2016,15,Sunday,1
474,2016-04-18 0:00:00,18,4,April,2,2016,16,Monday,0
475,2016-04-19 0:00:00,19,4,April,2,2016,16,Tuesday,0
476,2016-04-20 0:00:00,20,4,April,2,2016,16,Wednesday,0
477,2016-04-21 0:00:00,21,4,April,2,2016,16,Thursday,0
478,2016-04-22 0:00:00,22,4,April,2,2016,16,Friday,0
479,2016-04-23 0:00:00,23,4,April,2,2016,16,Saturday,1
480,2016-04-24 0:00:00,24,4,April,2,2016,16,Sunday,1
481,2016-04-25 0:00:00,25,4,April,2,2016,17,Monday,0
482,2016-04-26 0:00:00,26,4,April,2,2016,17,Tuesday,0
483,2016-04-27 0:00:00,27,4,April,2,2016,17,Wednesday,0
484,2016-04-28 0:00:00,28,4,April,2,2016,17,Thursday,0
485,2016-04-29 0:00:00,29,4,April,2,2016,17,Friday,0
486,2016-04-30 0:00:00,30,4,April,2,2016,17,Saturday,1
487,2016-05-01 0:00:00,1,5,May,2,2016,17,Sunday,1
488,2016-05-02 0:00:00,2,5,May,2,2016,18,Monday,0
489,2016-05-03 0:00:00,3,5,May,2,2016,18,Tuesday,0
490,2016-05-04 0:00:00,4,5,May,2,2016,18,Wednesday,0
491,2016-05-05 0:00:00,5,5,May,2,2016,18,Thursday,0
492,2016-05-06 0:00:00,6,5,May,2,2016,18,Friday,0
493,2016-05-07 0:00:00,7,5,May,2,2016,18,Saturday,1
494,2016-05-08 0:00:00,8,5,May,2,2016,18,Sunday,1
495,2016-05-09 0:00:00,9,5,May,2,2016,19,Monday,0
496,2016-05-10 0:00:00,10,5,May,2,2016,19,Tuesday,0
497,2016-05-11 0:00:00,11,5,May,2,2016,19,Wednesday,0
498,2016-05-12 0:00:00,12,5,May,2,2016,19,Thursday,0
499,2016-05-13 0:00:00,13,5,May,2,2016,19,Friday,0
500,2016-05-14 0:00:00,14,5,May,2,2016,19,Saturday,1
501,2016-05-15 0:00:00,15,5,May,2,2016,19,Sunday,1
502,2016-05-16 0:00:00,16,5,May,2,2016,20,Monday,0
503,2016-05-17 0:00:00,17,5,May,2,2016,20,Tuesday,0
504,2016-05-18 0:00:00,18,5,May,2,2016,20,Wednesday,0
505,2016-05-19 0:00:00,19,5,May,2,2016,20,Thursday,0
506,2016-05-20 0:00:00,20,5,May,2,2016,20,Friday,0
507,2016-05-21 0:00:00,21,5,May,2,2016,20,Saturday,1
508,2016-05-22 0:00:00,22,5,May,2,2016,20,Sunday,1
509,2016-05-23 0:00:00,23,5,May,2,2016,21,Monday,0
510,2016-05-24 0:00:00,24,5,May,2,2016,21,Tuesday,0
511,2016-05-25 0:00:00,25,5,May,2,2016,21,Wednesday,0
512,2016-05-26 0:00:00,26,5,May,2,2016,21,Thursday,0
513,2016-05-27 0:00:00,27,5,May,2,2016,21,Friday,0
514,2016-05-28 0:00:00,28,5,May,2,2016,21,Saturday,1
515,2016-05-29 0:00:00,29,5,May,2,2016,21,Sunday,1
516,2016-05-30 0:00:00,30,5,May,2,2016,22,Monday,0
517,2016-05-31 0:00:00,31,5,May,2,2016,22,Tuesday,0
518,2016-06-01 0:00:00,1,6,June,2,2016,22,Wednesday,0
519,2016-06-02 0:00:00,2,6,June,2,2016,22,Thursday,0
520,2016-06-03 0:00:00,3,6,June,2,2016,22,Friday,0
521,2016-06-04 0:00:00,4,6,June,2,2016,22,Saturday,1
522,2016-06-05 0:00:00,5,6,June,2,2016,22,Sunday,1
523,2016-06-06 0:00:00,6,6,June,2,2016,23,Monday,0
524,2016-06-07 0:00:00,7,6,June,2,2016,23,Tuesday,0
525,2016-06-08 0:00:00,8,6,June,2,2016,23,Wednesday,0
526,2016-06-09 0:00:00,9,6,June,2,2016,23,Thursday,0
527,2016-06-10 0:00:00,10,6,June,2,2016,23,Friday,0
528,2016-06-11 0:00:00,11,6,June,2,2016,23,Saturday,1
529,2016-06-12 0:00:00,12,6,June,2,2016,23,Sunday,1
530,2016-06-13 0:00:00,13,6,June,2,2016,24,Monday,0
531,2016-06-14 0:00:00,14,6,June,2,2016,24,Tuesday,0
532,2016-06-15 0:00:00,15,6,June,2,2016,24,Wednesday,0
533,2016-06-16 0:00:00,16,6,June,2,2016,24,Thursday,0
534,2016-06-17 0:00:00,17,6,June,2,2016,24,Friday,0
535,2016-06-18 0:00:00,18,6,June,2,2016,24,Saturday,1
536,2016-06-19 0:00:00,19,6,June,2,2016,24,Sunday,1
537,2016-06-20 0:00:00,20,6,June,2,2016,25,Monday,0
538,2016-06-21 0:00:00,21,6,June,2,2016,25,Tuesday,0
539,2016-06-22 0:00:00,22,6,June,2,2016,25,Wednesday,0
540,2016-06-23 0:00:00,23,6,June,2,2016,25,Thursday,0
541,2016-06-24 0:00:00,24,6,June,2,2016,25,Friday,0
542,2016-06-25 0:00:00,25,6,June,2,2016,25,Saturday,1
543,2016-06-26 0:00:00,26,6,June,2,2016,25,Sunday,1
544,2016-06-27 0:00:00,27,6,June,2,2016,26,Monday,0
545,2016-06-28 0:00:00,28,6,June,2,2016,26,Tuesday,0
546,2016-06-29 0:00:00,29,6,June,2,2016,26,Wednesday,0
547,2016-06-30 0:00:00,30,6,June,2,2016,26,Thursday,0
548,2016-07-01 0:00:00,1,7,July,3,2016,26,Friday,0
549,2016-07-02 0:00:00,2,7,July,3,2016,26,Saturday,1
550,2016-07-03 0:00:00,3,7,July,3,2016,26,Sunday,1
551,2016-07-04 0:00:00,4,7,July,3,2016,27,Monday,0
552,2016-07-05 0:00:00,5,7,July,3,2016,27,Tuesday,0
553,2016-07-06 0:00:00,6,7,July,3,2016,27,Wednesday,0
554,2016-07-07 0:00:00,7,7,July,3,2016,27,Thursday,0
555,2016-07-08 0:00:00,8,7,July,3,2016,27,Friday,0
556,2016-07-09 0:00:00,9,7,July,3,2016,27,Saturday,1
557,2016-07-10 0:00:00,10,7,July,3,2016,27,Sunday,1
558,2016-07-11 0:00:00,11,7,July,3,2016,28,Monday,0
559,2016-07-12 0:00:00,12,7,July,3,2016,28,Tuesday,0
560,2016-07-13 0:00:00,13,7,July,3,2016,28,Wednesday,0
561,2016-07-14 0:00:00,14,7,July,3,2016,28,Thursday,0
562,2016-07-15 0:00:00,15,7,July,3,2016,28,Friday,0
563,2016-07-16 0:00:00,16,7,July,3,2016,28,Saturday,1
564,2016-07-17 0:00:00,17,7,July,3,2016,28,Sunday,1
565,2016-07-18 0:00:00,18,7,July,3,2016,29,Monday,0
566,2016-07-19 0:00:00,19,7,July,3,2016,29,Tuesday,0
567,2016-07-20 0:00:00,20,7,July,3,2016,29,Wednesday,0
568,2016-07-21 0:00:00,21,7,July,3,2016,29,Thursday,0
569,2016-07-22 0:00:00,22,7,July,3,2016,29,Friday,0
570,2016-07-23 0:00:00,23,7,July,3,2016,29,Saturday,1
571,2016-07-24 0:00:00,24,7,July,3,2016,29,Sunday,1
572,2016-07-25 0:00:00,25,7,July,3,2016,30,Monday,0
573,2016-07-26 0:00:00,26,7,July,3,2016,30,Tuesday,0
574,2016-07-27 0:00:00,27,7,July,3,2016,30,Wednesday,0
575,2016-07-28 0:00:00,28,7,July,3,2016,30,Thursday,0
576,2016-07-29 0:00:00,29,7,July,3,2016,30,Friday,0
577,2016-07-30 0:00:00,30,7,July,3,2016,30,Saturday,1
578,2016-07-31 0:00:00,31,7,July,3,2016,30,Sunday,1
579,2016-08-01 0:00:00,1,8,August,3,2016,31,Monday,0
580,2016-08-02 0:00:00,2,8,August,3,2016,31,Tuesday,0
581,2016-08-03 0:00:00,3,8,August,3,2016,31,Wednesday,0
582,2016-08-04 0:00:00,4,8,August,3,2016,31,Thursday,0
583,2016-08-05 0:00:00,5,8,August,3,2016,31,Friday,0
584,2016-08-06 0:00:00,6,8,August,3,2016,31,Saturday,1
585,2016-08-07 0:00:00,7,8,August,3,2016,31,Sunday,1
586,2016-08-08 0:00:00,8,8,August,3,2016,32,Monday,0
587,2016-08-09 0:00:00,9,8,August,3,2016,32,Tuesday,0
588,2016-08-10 0:00:00,10,8,August,3,2016,32,Wednesday,0
589,2016-08-11 0:00:00,11,8,August,3,2016,32,Thursday,0
590,2016-08-12 0:00:00,12,8,August,3,2016,32,Friday,0
591,2016-08-13 0:00:00,13,8,August,3,2016,32,Saturday,1
592,2016-08-14 0:00:00,14,8,August,3,2016,32,Sunday,1
593,2016-08-15 0:00:00,15,8,August,3,2016,33,Monday,0
594,2016-08-16 0:00:00,16,8,August,3,2016,33,Tuesday,0
595,2016-08-17 0:00:00,17,8,August,3,2016,33,Wednesday,0
596,2016-08-18 0:00:00,18,8,August,3,2016,33,Thursday,0
597,2016-08-19 0:00:00,19,8,August,3,2016,33,Friday,0
598,2016-08-20 0:00:00,20,8,August,3,2016,33,Saturday,1
599,2016-08-21 0:00:00,21,8,August,3,2016,33,Sunday,1
600,2016-08-22 0:00:00,22,8,August,3,2016,34,Monday,0
601,2016-08-23 0:00:00,23,8,August,3,2016,34,Tuesday,0
602,2016-08-24 0:00:00,24,8,August,3,2016,34,Wednesday,0
603,2016-08-25 0:00:00,25,8,August,3,2016,34,Thursday,0
604,2016-08-26 0:00:00,26,8,August,3,2016,34,Friday,0
605,2016-08-27 0:00:00,27,8,August,3,2016,34,Saturday,1
606,2016-08-28 0:00:00,28,8,August,3,2016,34,Sunday,1
607,2016-08-29 0:00:00,29,8,August,3,2016,35,Monday,0
608,2016-08-30 0:00:00,30,8,August,3,2016,35,Tuesday,0
609,2016-08-31 0:00:00,31,8,August,3,2016,35,Wednesday,0
610,2016-09-01 0:00:00,1,9,September,3,2016,35,Thursday,0
611,2016-09-02 0:00:00,2,9,September,3,2016,35,Friday,0
612,2016-09-03 0:00:00,3,9,September,3,2016,35,Saturday,1
613,2016-09-04 0:00:00,4,9,September,3,2016,35,Sunday,1
614,2016-09-05 0:00:00,5,9,September,3,2016,36,Monday,0
615,2016-09-06 0:00:00,6,9,September,3,2016,36,Tuesday,0
616,2016-09-07 0:00:00,7,9,September,3,2016,36,Wednesday,0
617,2016-09-08 0:00:00,8,9,September,3,2016,36,Thursday,0
618,2016-09-09 0:00:00,9,9,September,3,2016,36,Friday,0
619,2016-09-10 0:00:00,10,9,September,3,2016,36,Saturday,1
620,2016-09-11 0:00:00,11,9,September,3,2016,36,Sunday,1
621,2016-09-12 0:00:00,12,9,September,3,2016,37,Monday,0
622,2016-09-13 0:00:00,13,9,September,3,2016,37,Tuesday,0
623,2016-09-14 0:00:00,14,9,September,3,2016,37,Wednesday,0
624,2016-09-15 0:00:00,15,9,September,3,2016,37,Thursday,0
625,2016-09-16 0:00:00,16,9,September,3,2016,37,Friday,0
626,2016-09-17 0:00:00,17,9,September,3,2016,37,Saturday,1
627,2016-09-18 0:00:00,18,9,September,3,2016,37,Sunday,1
628,2016-09-19 0:00:00,19,9,September,3,2016,38,Monday,0
629,2016-09-20 0:00:00,20,9,September,3,2016,38,Tuesday,0
630,2016-09-21 0:00:00,21,9,September,3,2016,38,Wednesday,0
631,2016-09-22 0:00:00,22,9,September,3,2016,38,Thursday,0
632,2016-09-23 0:00:00,23,9,September,3,2016,38,Friday,0
633,2016-09-24 0:00:00,24,9,September,3,2016,38,Saturday,1
634,2016-09-25 0:00:00,25,9,September,3,2016,38,Sunday,1
635,2016-09-26 0:00:00,26,9,September,3,2016,39,Monday,0
636,2016-09-27 0:00:00,27,9,September,3,2016,39,Tuesday,0
637,2016-09-28 0:00:00,28,9,September,3,2016,39,Wednesday,0
638,2016-09-29 0:00:00,29,9,September,3,2016,39,Thursday,0
639,2016-09-30 0:00:00,30,9,September,3,2016,39,Friday,0
640,2016-10-01 0:00:00,1,10,October,4,2016,39,Saturday,1
641,2016-10-02 0:00:00,2,10,October,4,2016,39,Sunday,1
642,2016-10-03 0:00:00,3,10,October,4,2016,40,Monday,0
643,2016-10-04 0:00:00,4,10,October,4,2016,40,Tuesday,0
644,2016-10-05 0:00:00,5,10,October,4,2016,40,Wednesday,0
645,2016-10-06 0:00:00,6,10,October,4,2016,40,Thursday,0
646,2016-10-07 0:00:00,7,10,October,4,2016,40,Friday,0
647,2016-10-08 0:00:00,8,10,October,4,2016,40,Saturday,1
648,2016-10-09 0:00:00,9,10,October,4,2016,40,Sunday,1
649,2016-10-10 0:00:00,10,10,October,4,2016,41,Monday,0
650,2016-10-11 0:00:00,11,10,October,4,2016,41,Tuesday,0
651,2016-10-12 0:00:00,12,10,October,4,2016,41,Wednesday,0
652,2016-10-13 0:00:00,13,10,October,4,2016,41,Thursday,0
653,2016-10-14 0:00:00,14,10,October,4,2016,41,Friday,0
654,2016-10-15 0:00:00,15,10,October,4,2016,41,Saturday,1
655,2016-10-16 0:00:00,16,10,October,4,2016,41,Sunday,1
656,2016-10-17 0:00:00,17,10,October,4,2016,42,Monday,0
657,2016-10-18 0:00:00,18,10,October,4,2016,42,Tuesday,0
658,2016-10-19 0:00:00,19,10,October,4,2016,42,Wednesday,0
659,2016-10-20 0:00:00,20,10,October,4,2016,42,Thursday,0
660,2016-10-21 0:00:00,21,10,October,4,2016,42,Friday,0
661,2016-10-22 0:00:00,22,10,October,4,2016,42,Saturday,1
662,2016-10-23 0:00:00,23,10,October,4,2016,42,Sunday,1
663,2016-10-24 0:00:00,24,10,October,4,2016,43,Monday,0
664,2016-10-25 0:00:00,25,10,October,4,2016,43,Tuesday,0
665,2016-10-26 0:00:00,26,10,October,4,2016,43,Wednesday,0
666,2016-10-27 0:00:00,27,10,October,4,2016,43,Thursday,0
667,2016-10-28 0:00:00,28,10,October,4,2016,43,Friday,0
668,2016-10-29 0:00:00,29,10,October,4,2016,43,Saturday,1
669,2016-10-30 0:00:00,30,10,October,4,2016,43,Sunday,1
670,2016-10-31 0:00:00,31,10,October,4,2016,44,Monday,0
671,2016-11-01 0:00:00,1,11,November,4,2016,44,Tuesday,0
672,2016-11-02 0:00:00,2,11,November,4,2016,44,Wednesday,0
673,2016-11-03 0:00:00,3,11,November,4,2016,44,Thursday,0
674,2016-11-04 0:00:00,4,11,November,4,2016,44,Friday,0
675,2016-11-05 0:00:00,5,11,November,4,2016,44,Saturday,1
676,2016-11-06 0:00:00,6,11,November,4,2016,44,Sunday,1
677,2016-11-07 0:00:00,7,11,November,4,2016,45,Monday,0
678,2016-11-08 0:00:00,8,11,November,4,2016,45,Tuesday,0
679,2016-11-09 0:00:00,9,11,November,4,2016,45,Wednesday,0
680,2016-11-10 0:00:00,10,11,November,4,2016,45,Thursday,0
681,2016-11-11 0:00:00,11,11,November,4,2016,45,Friday,0
682,2016-11-12 0:00:00,12,11,November,4,2016,45,Saturday,1
683,2016-11-13 0:00:00,13,11,November,4,2016,45,Sunday,1
684,2016-11-14 0:00:00,14,11,November,4,2016,46,Monday,0
685,2016-11-15 0:00:00,15,11,November,4,2016,46,Tuesday,0
686,2016-11-16 0:00:00,16,11,November,4,2016,46,Wednesday,0
687,2016-11-17 0:00:00,17,11,November,4,2016,46,Thursday,0
688,2016-11-18 0:00:00,18,11,November,4,2016,46,Friday,0
689,2016-11-19 0:00:00,19,11,November,4,2016,46,Saturday,1
690,2016-11-20 0:00:00,20,11,November,4,2016,46,Sunday,1
691,2016-11-21 0:00:00,21,11,November,4,2016,47,Monday,0
692,2016-11-22 0:00:00,22,11,November,4,2016,47,Tuesday,0
693,2016-11-23 0:00:00,23,11,November,4,2016,47,Wednesday,0
694,2016-11-24 0:00:00,24,11,November,4,2016,47,Thursday,0
695,2016-11-25 0:00:00,25,11,November,4,2016,47,Friday,0
696,2016-11-26 0:00:00,26,11,November,4,2016,47,Saturday,1
697,2016-11-27 0:00:00,27,11,November,4,2016,47,Sunday,1
698,2016-11-28 0:00:00,28,11,November,4,2016,48,Monday,0
699,2016-11-29 0:00:00,29,11,November,4,2016,48,Tuesday,0
700,2016-11-30 0:00:00,30,11,November,4,2016,48,Wednesday,0
701,2016-12-01 0:00:00,1,12,December,4,2016,48,Thursday,0
702,2016-12-02 0:00:00,2,12,December,4,2016,48,Friday,0
703,2016-12-03 0:00:00,3,12,December,4,2016,48,Saturday,1
704,2016-12-04 0:00:00,4,12,December,4,2016,48,Sunday,1
705,2016-12-05 0:00:00,5,12,December,4,2016,49,Monday,0
706,2016-12-06 0:00:00,6,12,December,4,2016,49,Tuesday,0
707,2016-12-07 0:00:00,7,12,December,4,2016,49,Wednesday,0
708,2016-12-08 0:00:00,8,12,December,4,2016,49,Thursday,0
709,2016-12-09 0:00:00,9,12,December,4,2016,49,Friday,0
710,2016-12-10 0:00:00,10,12,December,4,2016,49,Saturday,1
711,2016-12-11 0:00:00,11,12,December,4,2016,49,Sunday,1
712,2016-12-12 0:00:00,12,12,December,4,2016,50,Monday,0
713,2016-12-13 0:00:00,13,12,December,4,2016,50,Tuesday,0
714,2016-12-14 0:00:00,14,12,December,4,2016,50,Wednesday,0
715,2016-12-15 0:00:00,15,12,December,4,2016,50,Thursday,0
716,2016-12-16 0:00:00,16,12,December,4,2016,50,Friday,0
717,2016-12-17 0:00:00,17,12,December,4,2016,50,Saturday,1
718,2016-12-18 0:00:00,18,12,December,4,2016,50,Sunday,1
719,2016-12-19 0:00:00,19,12,December,4,2016,51,Monday,0
720,2016-12-20 0:00:00,20,12,December,4,2016,51,Tuesday,0
721,2016-12-21 0:00:00,21,12,December,4,2016,51,Wednesday,0
722,2016-12-22 0:00:00,22,12,December,4,2016,51,Thursday,0
723,2016-12-23 0:00:00,23,12,December,4,2016,51,Friday,0
724,2016-12-24 0:00:00,24,12,December,4,2016,51,Saturday,1
725,2016-12-25 0:00:00,25,12,December,4,2016,51,Sunday,1
726,2016-12-26 0:00:00,26,12,December,4,2016,52,Monday,0
727,2016-12-27 0:00:00,27,12,December,4,2016,52,Tuesday,0
728,2016-12-28 0:00:00,28,12,December,4,2016,52,Wednesday,0
729,2016-12-29 0:00:00,29,12,December,4,2016,52,Thursday,0
730,2016-12-30 0:00:00,30,12,December,4,2016,52,Friday,0
731,2016-12-31 0:00:00,31,12,December,4,2016,52,Saturday,1
732,2017-01-01 0:00:00,1,1,January,1,2017,52,Sunday,1
733,2017-01-02 0:00:00,2,1,January,1,2017,1,Monday,0
734,2017-01-03 0:00:00,3,1,January,1,2017,1,Tuesday,0
735,2017-01-04 0:00:00,4,1,January,1,2017,1,Wednesday,0
736,2017-01-05 0:00:00,5,1,January,1,2017,1,Thursday,0
737,2017-01-06 0:00:00,6,1,January,1,2017,1,Friday,0
738,2017-01-07 0:00:00,7,1,January,1,2017,1,Saturday,1
739,2017-01-08 0:00:00,8,1,January,1,2017,1,Sunday,1
740,2017-01-09 0:00:00,9,1,January,1,2017,2,Monday,0
741,2017-01-10 0:00:00,10,1,January,1,2017,2,Tuesday,0
742,2017-01-11 0:00:00,11,1,January,1,2017,2,Wednesday,0
743,2017-01-12 0:00:00,12,1,January,1,2017,2,Thursday,0
744,2017-01-13 0:00:00,13,1,January,1,2017,2,Friday,0
745,2017-01-14 0:00:00,14,1,January,1,2017,2,Saturday,1
746,2017-01-15 0:00:00,15,1,January,1,2017,2,Sunday,1
747,2017-01-16 0:00:00,16,1,January,1,2017,3,Monday,0
748,2017-01-17 0:00:00,17,1,January,1,2017,3,Tuesday,0
749,2017-01-18 0:00:00,18,1,January,1,2017,3,Wednesday,0
750,2017-01-19 0:00:00,19,1,January,1,2017,3,Thursday,0
751,2017-01-20 0:00:00,20,1,January,1,2017,3,Friday,0
752,2017-01-21 0:00:00,21,1,January,1,2017,3,Saturday,1
753,2017-01-22 0:00:00,22,1,January,1,2017,3,Sunday,1
754,2017-01-23 0:00:00,23,1,January,1,2017,4,Monday,0
755,2017-01-24 0:00:00,24,1,January,1,2017,4,Tuesday,0
756,2017-01-25 0:00:00,25,1,January,1,2017,4,Wednesday,0
757,2017-01-26 0:00:00,26,1,January,1,2017,4,Thursday,0
758,2017-01-27 0:00:00,27,1,January,1,2017,4,Friday,0
759,2017-01-28 0:00:00,28,1,January,1,2017,4,Saturday,1
760,2017-01-29 0:00:00,29,1,January,1,2017,4,Sunday,1
761,2017-01-30 0:00:00,30,1,January,1,2017,5,Monday,0
762,2017-01-31 0:00:00,31,1,January,1,2017,5,Tuesday,0
763,2017-02-01 0:00:00,1,2,February,1,2017,5,Wednesday,0
764,2017-02-02 0:00:00,2,2,February,1,2017,5,Thursday,0
765,2017-02-03 0:00:00,3,2,February,1,2017,5,Friday,0
766,2017-02-04 0:00:00,4,2,February,1,2017,5,Saturday,1
767,2017-02-05 0:00:00,5,2,February,1,2017,5,Sunday,1
768,2017-02-06 0:00:00,6,2,February,1,2017,6,Monday,0
769,2017-02-07 0:00:00,7,2,February,1,2017,6,Tuesday,0
770,2017-02-08 0:00:00,8,2,February,1,2017,6,Wednesday,0
771,2017-02-09 0:00:00,9,2,February,1,2017,6,Thursday,0
772,2017-02-10 0:00:00,10,2,February,1,2017,6,Friday,0
773,2017-02-11 0:00:00,11,2,February,1,2017,6,Saturday,1
774,2017-02-12 0:00:00,12,2,February,1,2017,6,Sunday,1
775,2017-02-13 0:00:00,13,2,February,1,2017,7,Monday,0
776,2017-02-14 0:00:00,14,2,February,1,2017,7,Tuesday,0
777,2017-02-15 0:00:00,15,2,February,1,2017,7,Wednesday,0
778,2017-02-16 0:00:00,16,2,February,1,2017,7,Thursday,0
779,2017-02-17 0:00:00,17,2,February,1,2017,7,Friday,0
780,2017-02-18 0:00:00,18,2,February,1,2017,7,Saturday,1
781,2017-02-19 0:00:00,19,2,February,1,2017,7,Sunday,1
782,2017-02-20 0:00:00,20,2,February,1,2017,8,Monday,0
783,2017-02-21 0:00:00,21,2,February,1,2017,8,Tuesday,0
784,2017-02-22 0:00:00,22,2,February,1,2017,8,Wednesday,0
785,2017-02-23 0:00:00,23,2,February,1,2017,8,Thursday,0
786,2017-02-24 0:00:00,24,2,February,1,2017,8,Friday,0
787,2017-02-25 0:00:00,25,2,February,1,2017,8,Saturday,1
788,2017-02-26 0:00:00,26,2,February,1,2017,8,Sunday,1
789,2017-02-27 0:00:00,27,2,February,1,2017,9,Monday,0
790,2017-02-28 0:00:00,28,2,February,1,2017,9,Tuesday,0
791,2017-03-01 0:00:00,1,3,March,1,2017,9,Wednesday,0
792,2017-03-02 0:00:00,2,3,March,1,2017,9,Thursday,0
793,2017-03-03 0:00:00,3,3,March,1,2017,9,Friday,0
794,2017-03-04 0:00:00,4,3,March,1,2017,9,Saturday,1
795,2017-03-05 0:00:00,5,3,March,1,2017,9,Sunday,1
796,2017-03-06 0:00:00,6,3,March,1,2017,10,Monday,0
797,2017-03-07 0:00:00,7,3,March,1,2017,10,Tuesday,0
798,2017-03-08 0:00:00,8,3,March,1,2017,10,Wednesday,0
799,2017-03-09 0:00:00,9,3,March,1,2017,10,Thursday,0
800,2017-03-10 0:00:00,10,3,March,1,2017,10,Friday,0
801,2017-03-11 0:00:00,11,3,March,1,2017,10,Saturday,1
802,2017-03-12 0:00:00,12,3,March,1,2017,10,Sunday,1
803,2017-03-13 0:00:00,13,3,March,1,2017,11,Monday,0
804,2017-03-14 0:00:00,14,3,March,1,2017,11,Tuesday,0
805,2017-03-15 0:00:00,15,3,March,1,2017,11,Wednesday,0
806,2017-03-16 0:00:00,16,3,March,1,2017,11,Thursday,0
807,2017-03-17 0:00:00,17,3,March,1,2017,11,Friday,0
808,2017-03-18 0:00:00,18,3,March,1,2017,11,Saturday,1
809,2017-03-19 0:00:00,19,3,March,1,2017,11,Sunday,1
810,2017-03-20 0:00:00,20,3,March,1,2017,12,Monday,0
811,2017-03-21 0:00:00,21,3,March,1,2017,12,Tuesday,0
812,2017-03-22 0:00:00,22,3,March,1,2017,12,Wednesday,0
813,2017-03-23 0:00:00,23,3,March,1,2017,12,Thursday,0
814,2017-03-24 0:00:00,24,3,March,1,2017,12,Friday,0
815,2017-03-25 0:00:00,25,3,March,1,2017,12,Saturday,1
816,2017-03-26 0:00:00,26,3,March,1,2017,12,Sunday,1
817,2017-03-27 0:00:00,27,3,March,1,2017,13,Monday,0
818,2017-03-28 0:00:00,28,3,March,1,2017,13,Tuesday,0
819,2017-03-29 0:00:00,29,3,March,1,2017,13,Wednesday,0
820,2017-03-30 0:00:00,30,3,March,1,2017,13,Thursday,0
821,2017-03-31 0:00:00,31,3,March,1,2017,13,Friday,0
822,2017-04-01 0:00:00,1,4,April,2,2017,13,Saturday,1
823,2017-04-02 0:00:00,2,4,April,2,2017,13,Sunday,1
824,2017-04-03 0:00:00,3,4,April,2,2017,14,Monday,0
825,2017-04-04 0:00:00,4,4,April,2,2017,14,Tuesday,0
826,2017-04-05 0:00:00,5,4,April,2,2017,14,Wednesday,0
827,2017-04-06 0:00:00,6,4,April,2,2017,14,Thursday,0
828,2017-04-07 0:00:00,7,4,April,2,2017,14,Friday,0
829,2017-04-08 0:00:00,8,4,April,2,2017,14,Saturday,1
830,2017-04-09 0:00:00,9,4,April,2,2017,14,Sunday,1
831,2017-04-10 0:00:00,10,4,April,2,2017,15,Monday,0
832,2017-04-11 0:00:00,11,4,April,2,2017,15,Tuesday,0
833,2017-04-12 0:00:00,12,4,April,2,2017,15,Wednesday,0
834,2017-04-13 0:00:00,13,4,April,2,2017,15,Thursday,0
835,2017-04-14 0:00:00,14,4,April,2,2017,15,Friday,0
836,2017-04-15 0:00:00,15,4,April,2,2017,15,Saturday,1
837,2017-04-16 0:00:00,16,4,April,2,2017,15,Sunday,1
838,2017-04-17 0:00:00,17,4,April,2,2017,16,Monday,0
839,2017-04-18 0:00:00,18,4,April,2,2017,16,Tuesday,0
840,2017-04-19 0:00:00,19,4,April,2,2017,16,Wednesday,0
841,2017-04-20 0:00:00,20,4,April,2,2017,16,Thursday,0
842,2017-04-21 0:00:00,21,4,April,2,2017,16,Friday,0
843,2017-04-22 0:00:00,22,4,April,2,2017,16,Saturday,1
844,2017-04-23 0:00:00,23,4,April,2,2017,16,Sunday,1
845,2017-04-24 0:00:00,24,4,April,2,2017,17,Monday,0
846,2017-04-25 0:00:00,25,4,April,2,2017,17,Tuesday,0
847,2017-04-26 0:00:00,26,4,April,2,2017,17,Wednesday,0
848,2017-04-27 0:00:00,27,4,April,2,2017,17,Thursday,0
849,2017-04-28 0:00:00,28,4,April,2,2017,17,Friday,0
850,2017-04-29 0:00:00,29,4,April,2,2017,17,Saturday,1
851,2017-04-30 0:00:00,30,4,April,2,2017,17,Sunday,1
852,2017-05-01 0:00:00,1,5,May,2,2017,18,Monday,0
853,2017-05-02 0:00:00,2,5,May,2,2017,18,Tuesday,0
854,2017-05-03 0:00:00,3,5,May,2,2017,18,Wednesday,0
855,2017-05-04 0:00:00,4,5,May,2,2017,18,Thursday,0
856,2017-05-05 0:00:00,5,5,May,2,2017,18,Friday,0
857,2017-05-06 0:00:00,6,5,May,2,2017,18,Saturday,1
858,2017-05-07 0:00:00,7,5,May,2,2017,18,Sunday,1
859,2017-05-08 0:00:00,8,5,May,2,2017,19,Monday,0
860,2017-05-09 0:00:00,9,5,May,2,2017,19,Tuesday,0
861,2017-05-10 0:00:00,10,5,May,2,2017,19,Wednesday,0
862,2017-05-11 0:00:00,11,5,May,2,2017,19,Thursday,0
863,2017-05-12 0:00:00,12,5,May,2,2017,19,Friday,0
864,2017-05-13 0:00:00,13,5,May,2,2017,19,Saturday,1
865,2017-05-14 0:00:00,14,5,May,2,2017,19,Sunday,1
866,2017-05-15 0:00:00,15,5,May,2,2017,20,Monday,0
867,2017-05-16 0:00:00,16,5,May,2,2017,20,Tuesday,0
868,2017-05-17 0:00:00,17,5,May,2,2017,20,Wednesday,0
869,2017-05-18 0:00:00,18,5,May,2,2017,20,Thursday,0
870,2017-05-19 0:00:00,19,5,May,2,2017,20,Friday,0
871,2017-05-20 0:00:00,20,5,May,2,2017,20,Saturday,1
872,2017-05-21 0:00:00,21,5,May,2,2017,20,Sunday,1
873,2017-05-22 0:00:00,22,5,May,2,2017,21,Monday,0
874,2017-05-23 0:00:00,23,5,May,2,2017,21,Tuesday,0
875,2017-05-24 0:00:00,24,5,May,2,2017,21,Wednesday,0
876,2017-05-25 0:00:00,25,5,May,2,2017,21,Thursday,0
877,2017-05-26 0:00:00,26,5,May,2,2017,21,Friday,0
878,2017-05-27 0:00:00,27,5,May,2,2017,21,Saturday,1
879,2017-05-28 0:00:00,28,5,May,2,2017,21,Sunday,1
880,2017-05-29 0:00:00,29,5,May,2,2017,22,Monday,0
881,2017-05-30 0:00:00,30,5,May,2,2017,22,Tuesday,0
882,2017-05-31 0:00:00,31,5,May,2,2017,22,Wednesday,0
883,2017-06-01 0:00:00,1,6,June,2,2017,22,Thursday,0
884,2017-06-02 0:00:00,2,6,June,2,2017,22,Friday,0
885,2017-06-03 0:00:00,3,6,June,2,2017,22,Saturday,1
886,2017-06-04 0:00:00,4,6,June,2,2017,22,Sunday,1
887,2017-06-05 0:00:00,5,6,June,2,2017,23,Monday,0
888,2017-06-06 0:00:00,6,6,June,2,2017,23,Tuesday,0
889,2017-06-07 0:00:00,7,6,June,2,2017,23,Wednesday,0
890,2017-06-08 0:00:00,8,6,June,2,2017,23,Thursday,0
891,2017-06-09 0:00:00,9,6,June,2,2017,23,Friday,0
892,2017-06-10 0:00:00,10,6,June,2,2017,23,Saturday,1
893,2017-06-11 0:00:00,11,6,June,2,2017,23,Sunday,1
894,2017-06-12 0:00:00,12,6,June,2,2017,24,Monday,0
895,2017-06-13 0:00:00,13,6,June,2,2017,24,Tuesday,0
896,2017-06-14 0:00:00,14,6,June,2,2017,24,Wednesday,0
897,2017-06-15 0:00:00,15,6,June,2,2017,24,Thursday,0
898,2017-06-16 0:00:00,16,6,June,2,2017,24,Friday,0
899,2017-06-17 0:00:00,17,6,June,2,2017,24,Saturday,1
900,2017-06-18 0:00:00,18,6,June,2,2017,24,Sunday,1
901,2017-06-19 0:00:00,19,6,June,2,2017,25,Monday,0
902,2017-06-20 0:00:00,20,6,June,2,2017,25,Tuesday,0
903,2017-06-21 0:00:00,21,6,June,2,2017,25,Wednesday,0
904,2017-06-22 0:00:00,22,6,June,2,2017,25,Thursday,0
905,2017-06-23 0:00:00,23,6,June,2,2017,25,Friday,0
906,2017-06-24 0:00:00,24,6,June,2,2017,25,Saturday,1
907,2017-06-25 0:00:00,25,6,June,2,2017,25,Sunday,1
908,2017-06-26 0:00:00,26,6,June,2,2017,26,Monday,0
909,2017-06-27 0:00:00,27,6,June,2,2017,26,Tuesday,0
910,2017-06-28 0:00:00,28,6,June,2,2017,26,Wednesday,0
911,2017-06-29 0:00:00,29,6,June,2,2017,26,Thursday,0
912,2017-06-30 0:00:00,30,6,June,2,2017,26,Friday,0
913,2017-07-01 0:00:00,1,7,July,3,2017,26,Saturday,1
914,2017-07-02 0:00:00,2,7,July,3,2017,26,Sunday,1
915,2017-07-03 0:00:00,3,7,July,3,2017,27,Monday,0
916,2017-07-04 0:00:00,4,7,July,3,2017,27,Tuesday,0
917,2017-07-05 0:00:00,5,7,July,3,2017,27,Wednesday,0
918,2017-07-06 0:00:00,6,7,July,3,2017,27,Thursday,0
919,2017-07-07 0:00:00,7,7,July,3,2017,27,Friday,0
920,2017-07-08 0:00:00,8,7,July,3,2017,27,Saturday,1
921,2017-07-09 0:00:00,9,7,July,3,2017,27,Sunday,1
922,2017-07-10 0:00:00,10,7,July,3,2017,28,Monday,0
923,2017-07-11 0:00:00,11,7,July,3,2017,28,Tuesday,0
924,2017-07-12 0:00:00,12,7,July,3,2017,28,Wednesday,0
925,2017-07-13 0:00:00,13,7,July,3,2017,28,Thursday,0
926,2017-07-14 0:00:00,14,7,July,3,2017,28,Friday,0
927,2017-07-15 0:00:00,15,7,July,3,2017,28,Saturday,1
928,2017-07-16 0:00:00,16,7,July,3,2017,28,Sunday,1
929,2017-07-17 0:00:00,17,7,July,3,2017,29,Monday,0
930,2017-07-18 0:00:00,18,7,July,3,2017,29,Tuesday,0
931,2017-07-19 0:00:00,19,7,July,3,2017,29,Wednesday,0
932,2017-07-20 0:00:00,20,7,July,3,2017,29,Thursday,0
933,2017-07-21 0:00:00,21,7,July,3,2017,29,Friday,0
934,2017-07-22 0:00:00,22,7,July,3,2017,29,Saturday,1
935,2017-07-23 0:00:00,23,7,July,3,2017,29,Sunday,1
936,2017-07-24 0:00:00,24,7,July,3,2017,30,Monday,0
937,2017-07-25 0:00:00,25,7,July,3,2017,30,Tuesday,0
938,2017-07-26 0:00:00,26,7,July,3,2017,30,Wednesday,0
939,2017-07-27 0:00:00,27,7,July,3,2017,30,Thursday,0
940,2017-07-28 0:00:00,28,7,July,3,2017,30,Friday,0
941,2017-07-29 0:00:00,29,7,July,3,2017,30,Saturday,1
942,2017-07-30 0:00:00,30,7,July,3,2017,30,Sunday,1
943,2017-07-31 0:00:00,31,7,July,3,2017,31,Monday,0
944,2017-08-01 0:00:00,1,8,August,3,2017,31,Tuesday,0
945,2017-08-02 0:00:00,2,8,August,3,2017,31,Wednesday,0
946,2017-08-03 0:00:00,3,8,August,3,2017,31,Thursday,0
947,2017-08-04 0:00:00,4,8,August,3,2017,31,Friday,0
948,2017-08-05 0:00:00,5,8,August,3,2017,31,Saturday,1
949,2017-08-06 0:00:00,6,8,August,3,2017,31,Sunday,1
950,2017-08-07 0:00:00,7,8,August,3,2017,32,Monday,0
951,2017-08-08 0:00:00,8,8,August,3,2017,32,Tuesday,0
952,2017-08-09 0:00:00,9,8,August,3,2017,32,Wednesday,0
953,2017-08-10 0:00:00,10,8,August,3,2017,32,Thursday,0
954,2017-08-11 0:00:00,11,8,August,3,2017,32,Friday,0
955,2017-08-12 0:00:00,12,8,August,3,2017,32,Saturday,1
956,2017-08-13 0:00:00,13,8,August,3,2017,32,Sunday,1
957,2017-08-14 0:00:00,14,8,August,3,2017,33,Monday,0
958,2017-08-15 0:00:00,15,8,August,3,2017,33,Tuesday,0
959,2017-08-16 0:00:00,16,8,August,3,2017,33,Wednesday,0
960,2017-08-17 0:00:00,17,8,August,3,2017,33,Thursday,0
961,2017-08-18 0:00:00,18,8,August,3,2017,33,Friday,0
962,2017-08-19 0:00:00,19,8,August,3,2017,33,Saturday,1
963,2017-08-20 0:00:00,20,8,August,3,2017,33,Sunday,1
964,2017-08-21 0:00:00,21,8,August,3,2017,34,Monday,0
965,2017-08-22 0:00:00,22,8,August,3,2017,34,Tuesday,0
966,2017-08-23 0:00:00,23,8,August,3,2017,34,Wednesday,0
967,2017-08-24 0:00:00,24,8,August,3,2017,34,Thursday,0
968,2017-08-25 0:00:00,25,8,August,3,2017,34,Friday,0
969,2017-08-26 0:00:00,26,8,August,3,2017,34,Saturday,1
970,2017-08-27 0:00:00,27,8,August,3,2017,34,Sunday,1
971,2017-08-28 0:00:00,28,8,August,3,2017,35,Monday,0
972,2017-08-29 0:00:00,29,8,August,3,2017,35,Tuesday,0
973,2017-08-30 0:00:00,30,8,August,3,2017,35,Wednesday,0
974,2017-08-31 0:00:00,31,8,August,3,2017,35,Thursday,0
975,2017-09-01 0:00:00,1,9,September,3,2017,35,Friday,0
976,2017-09-02 0:00:00,2,9,September,3,2017,35,Saturday,1
977,2017-09-03 0:00:00,3,9,September,3,2017,35,Sunday,1
978,2017-09-04 0:00:00,4,9,September,3,2017,36,Monday,0
979,2017-09-05 0:00:00,5,9,September,3,2017,36,Tuesday,0
980,2017-09-06 0:00:00,6,9,September,3,2017,36,Wednesday,0
981,2017-09-07 0:00:00,7,9,September,3,2017,36,Thursday,0
982,2017-09-08 0:00:00,8,9,September,3,2017,36,Friday,0
983,2017-09-09 0:00:00,9,9,September,3,2017,36,Saturday,1
984,2017-09-10 0:00:00,10,9,September,3,2017,36,Sunday,1
985,2017-09-11 0:00:00,11,9,September,3,2017,37,Monday,0
986,2017-09-12 0:00:00,12,9,September,3,2017,37,Tuesday,0
987,2017-09-13 0:00:00,13,9,September,3,2017,37,Wednesday,0
988,2017-09-14 0:00:00,14,9,September,3,2017,37,Thursday,0
989,2017-09-15 0:00:00,15,9,September,3,2017,37,Friday,0
990,2017-09-16 0:00:00,16,9,September,3,2017,37,Saturday,1
991,2017-09-17 0:00:00,17,9,September,3,2017,37,Sunday,1
992,2017-09-18 0:00:00,18,9,September,3,2017,38,Monday,0
993,2017-09-19 0:00:00,19,9,September,3,2017,38,Tuesday,0
994,2017-09-20 0:00:00,20,9,September,3,2017,38,Wednesday,0
995,2017-09-21 0:00:00,21,9,September,3,2017,38,Thursday,0
996,2017-09-22 0:00:00,22,9,September,3,2017,38,Friday,0
997,2017-09-23 0:00:00,23,9,September,3,2017,38,Saturday,1
998,2017-09-24 0:00:00,24,9,September,3,2017,38,Sunday,1
999,2017-09-25 0:00:00,25,9,September,3,2017,39,Monday,0
1000,2017-09-26 0:00:00,26,9,September,3,2017,39,Tuesday,0
1001,2017-09-27 0:00:00,27,9,September,3,2017,39,Wednesday,0
1002,2017-09-28 0:00:00,28,9,September,3,2017,39,Thursday,0
1003,2017-09-29 0:00:00,29,9,September,3,2017,39,Friday,0
1004,2017-09-30 0:00:00,30,9,September,3,2017,39,Saturday,1
1005,2017-10-01 0:00:00,1,10,October,4,2017,39,Sunday,1
1006,2017-10-02 0:00:00,2,10,October,4,2017,40,Monday,0
1007,2017-10-03 0:00:00,3,10,October,4,2017,40,Tuesday,0
1008,2017-10-04 0:00:00,4,10,October,4,2017,40,Wednesday,0
1009,2017-10-05 0:00:00,5,10,October,4,2017,40,Thursday,0
1010,2017-10-06 0:00:00,6,10,October,4,2017,40,Friday,0
1011,2017-10-07 0:00:00,7,10,October,4,2017,40,Saturday,1
1012,2017-10-08 0:00:00,8,10,October,4,2017,40,Sunday,1
1013,2017-10-09 0:00:00,9,10,October,4,2017,41,Monday,0
1014,2017-10-10 0:00:00,10,10,October,4,2017,41,Tuesday,0
1015,2017-10-11 0:00:00,11,10,October,4,2017,41,Wednesday,0
1016,2017-10-12 0:00:00,12,10,October,4,2017,41,Thursday,0
1017,2017-10-13 0:00:00,13,10,October,4,2017,41,Friday,0
1018,2017-10-14 0:00:00,14,10,October,4,2017,41,Saturday,1
1019,2017-10-15 0:00:00,15,10,October,4,2017,41,Sunday,1
1020,2017-10-16 0:00:00,16,10,October,4,2017,42,Monday,0
1021,2017-10-17 0:00:00,17,10,October,4,2017,42,Tuesday,0
1022,2017-10-18 0:00:00,18,10,October,4,2017,42,Wednesday,0
1023,2017-10-19 0:00:00,19,10,October,4,2017,42,Thursday,0
1024,2017-10-20 0:00:00,20,10,October,4,2017,42,Friday,0
1025,2017-10-21 0:00:00,21,10,October,4,2017,42,Saturday,1
1026,2017-10-22 0:00:00,22,10,October,4,2017,42,Sunday,1
1027,2017-10-23 0:00:00,23,10,October,4,2017,43,Monday,0
1028,2017-10-24 0:00:00,24,10,October,4,2017,43,Tuesday,0
1029,2017-10-25 0:00:00,25,10,October,4,2017,43,Wednesday,0
1030,2017-10-26 0:00:00,26,10,October,4,2017,43,Thursday,0
1031,2017-10-27 0:00:00,27,10,October,4,2017,43,Friday,0
1032,2017-10-28 0:00:00,28,10,October,4,2017,43,Saturday,1
1033,2017-10-29 0:00:00,29,10,October,4,2017,43,Sunday,1
1034,2017-10-30 0:00:00,30,10,October,4,2017,44,Monday,0
1035,2017-10-31 0:00:00,31,10,October,4,2017,44,Tuesday,0
1036,2017-11-01 0:00:00,1,11,November,4,2017,44,Wednesday,0
1037,2017-11-02 0:00:00,2,11,November,4,2017,44,Thursday,0
1038,2017-11-03 0:00:00,3,11,November,4,2017,44,Friday,0
1039,2017-11-04 0:00:00,4,11,November,4,2017,44,Saturday,1
1040,2017-11-05 0:00:00,5,11,November,4,2017,44,Sunday,1
1041,2017-11-06 0:00:00,6,11,November,4,2017,45,Monday,0
1042,2017-11-07 0:00:00,7,11,November,4,2017,45,Tuesday,0
1043,2017-11-08 0:00:00,8,11,November,4,2017,45,Wednesday,0
1044,2017-11-09 0:00:00,9,11,November,4,2017,45,Thursday,0
1045,2017-11-10 0:00:00,10,11,November,4,2017,45,Friday,0
1046,2017-11-11 0:00:00,11,11,November,4,2017,45,Saturday,1
1047,2017-11-12 0:00:00,12,11,November,4,2017,45,Sunday,1
1048,2017-11-13 0:00:00,13,11,November,4,2017,46,Monday,0
1049,2017-11-14 0:00:00,14,11,November,4,2017,46,Tuesday,0
1050,2017-11-15 0:00:00,15,11,November,4,2017,46,Wednesday,0
1051,2017-11-16 0:00:00,16,11,November,4,2017,46,Thursday,0
1052,2017-11-17 0:00:00,17,11,November,4,2017,46,Friday,0
1053,2017-11-18 0:00:00,18,11,November,4,2017,46,Saturday,1
1054,2017-11-19 0:00:00,19,11,November,4,2017,46,Sunday,1
1055,2017-11-20 0:00:00,20,11,November,4,2017,47,Monday,0
1056,2017-11-21 0:00:00,21,11,November,4,2017,47,Tuesday,0
1057,2017-11-22 0:00:00,22,11,November,4,2017,47,Wednesday,0
1058,2017-11-23 0:00:00,23,11,November,4,2017,47,Thursday,0
1059,2017-11-24 0:00:00,24,11,November,4,2017,47,Friday,0
1060,2017-11-25 0:00:00,25,11,November,4,2017,47,Saturday,1
1061,2017-11-26 0:00:00,26,11,November,4,2017,47,Sunday,1
1062,2017-11-27 0:00:00,27,11,November,4,2017,48,Monday,0
1063,2017-11-28 0:00:00,28,11,November,4,2017,48,Tuesday,0
1064,2017-11-29 0:00:00,29,11,November,4,2017,48,Wednesday,0
1065,2017-11-30 0:00:00,30,11,November,4,2017,48,Thursday,0
1066,2017-12-01 0:00:00,1,12,December,4,2017,48,Friday,0
1067,2017-12-02 0:00:00,2,12,December,4,2017,48,Saturday,1
1068,2017-12-03 0:00:00,3,12,December,4,2017,48,Sunday,1
1069,2017-12-04 0:00:00,4,12,December,4,2017,49,Monday,0
1070,2017-12-05 0:00:00,5,12,December,4,2017,49,Tuesday,0
1071,2017-12-06 0:00:00,6,12,December,4,2017,49,Wednesday,0
1072,2017-12-07 0:00:00,7,12,December,4,2017,49,Thursday,0
1073,2017-12-08 0:00:00,8,12,December,4,2017,49,Friday,0
1074,2017-12-09 0:00:00,9,12,December,4,2017,49,Saturday,1
1075,2017-12-10 0:00:00,10,12,December,4,2017,49,Sunday,1
1076,2017-12-11 0:00:00,11,12,December,4,2017,50,Monday,0
1077,2017-12-12 0:00:00,12,12,December,4,2017,50,Tuesday,0
1078,2017-12-13 0:00:00,13,12,December,4,2017,50,Wednesday,0
1079,2017-12-14 0:00:00,14,12,December,4,2017,50,Thursday,0
1080,2017-12-15 0:00:00,15,12,December,4,2017,50,Friday,0
1081,2017-12-16 0:00:00,16,12,December,4,2017,50,Saturday,1
1082,2017-12-17 0:00:00,17,12,December,4,2017,50,Sunday,1
1083,2017-12-18 0:00:00,18,12,December,4,2017,51,Monday,0
1084,2017-12-19 0:00:00,19,12,December,4,2017,51,Tuesday,0
1085,2017-12-20 0:00:00,20,12,December,4,2017,51,Wednesday,0
1086,2017-12-21 0:00:00,21,12,December,4,2017,51,Thursday,0
1087,2017-12-22 0:00:00,22,12,December,4,2017,51,Friday,0
1088,2017-12-23 0:00:00,23,12,December,4,2017,51,Saturday,1
1089,2017-12-24 0:00:00,24,12,December,4,2017,51,Sunday,1
1090,2017-12-25 0:00:00,25,12,December,4,2017,52,Monday,0
1091,2017-12-26 0:00:00,26,12,December,4,2017,52,Tuesday,0
1092,2017-12-27 0:00:00,27,12,December,4,2017,52,Wednesday,0
1093,2017-12-28 0:00:00,28,12,December,4,2017,52,Thursday,0
1094,2017-12-29 0:00:00,29,12,December,4,2017,52,Friday,0
1095,2017-12-30 0:00:00,30,12,December,4,2017,52,Saturday,1
1096,2017-12-31 0:00:00,31,12,December,4,2017,52,Sunday,1
1097,2018-01-01 0:00:00,1,1,January,1,2018,1,Monday,0
1098,2018-01-02 0:00:00,2,1,January,1,2018,1,Tuesday,0
1099,2018-01-03 0:00:00,3,1,January,1,2018,1,Wednesday,0
1100,2018-01-04 0:00:00,4,1,January,1,2018,1,Thursday,0
1101,2018-01-05 0:00:00,5,1,January,1,2018,1,Friday,0
1102,2018-01-06 0:00:00,6,1,January,1,2018,1,Saturday,1
1103,2018-01-07 0:00:00,7,1,January,1,2018,1,Sunday,1
1104,2018-01-08 0:00:00,8,1,January,1,2018,2,Monday,0
1105,2018-01-09 0:00:00,9,1,January,1,2018,2,Tuesday,0
1106,2018-01-10 0:00:00,10,1,January,1,2018,2,Wednesday,0
1107,2018-01-11 0:00:00,11,1,January,1,2018,2,Thursday,0
1108,2018-01-12 0:00:00,12,1,January,1,2018,2,Friday,0
1109,2018-01-13 0:00:00,13,1,January,1,2018,2,Saturday,1
1110,2018-01-14 0:00:00,14,1,January,1,2018,2,Sunday,1
1111,2018-01-15 0:00:00,15,1,January,1,2018,3,Monday,0
1112,2018-01-16 0:00:00,16,1,January,1,2018,3,Tuesday,0
1113,2018-01-17 0:00:00,17,1,January,1,2018,3,Wednesday,0
1114,2018-01-18 0:00:00,18,1,January,1,2018,3,Thursday,0
1115,2018-01-19 0:00:00,19,1,January,1,2018,3,Friday,0
1116,2018-01-20 0:00:00,20,1,January,1,2018,3,Saturday,1
1117,2018-01-21 0:00:00,21,1,January,1,2018,3,Sunday,1
1118,2018-01-22 0:00:00,22,1,January,1,2018,4,Monday,0
1119,2018-01-23 0:00:00,23,1,January,1,2018,4,Tuesday,0
1120,2018-01-24 0:00:00,24,1,January,1,2018,4,Wednesday,0
1121,2018-01-25 0:00:00,25,1,January,1,2018,4,Thursday,0
1122,2018-01-26 0:00:00,26,1,January,1,2018,4,Friday,0
1123,2018-01-27 0:00:00,27,1,January,1,2018,4,Saturday,1
1124,2018-01-28 0:00:00,28,1,January,1,2018,4,Sunday,1
1125,2018-01-29 0:00:00,29,1,January,1,2018,5,Monday,0
1126,2018-01-30 0:00:00,30,1,January,1,2018,5,Tuesday,0
1127,2018-01-31 0:00:00,31,1,January,1,2018,5,Wednesday,0
1128,2018-02-01 0:00:00,1,2,February,1,2018,5,Thursday,0
1129,2018-02-02 0:00:00,2,2,February,1,2018,5,Friday,0
1130,2018-02-03 0:00:00,3,2,February,1,2018,5,Saturday,1
1131,2018-02-04 0:00:00,4,2,February,1,2018,5,Sunday,1
1132,2018-02-05 0:00:00,5,2,February,1,2018,6,Monday,0
1133,2018-02-06 0:00:00,6,2,February,1,2018,6,Tuesday,0
1134,2018-02-07 0:00:00,7,2,February,1,2018,6,Wednesday,0
1135,2018-02-08 0:00:00,8,2,February,1,2018,6,Thursday,0
1136,2018-02-09 0:00:00,9,2,February,1,2018,6,Friday,0
1137,2018-02-10 0:00:00,10,2,February,1,2018,6,Saturday,1
1138,2018-02-11 0:00:00,11,2,February,1,2018,6,Sunday,1
1139,2018-02-12 0:00:00,12,2,February,1,2018,7,Monday,0
1140,2018-02-13 0:00:00,13,2,February,1,2018,7,Tuesday,0
1141,2018-02-14 0:00:00,14,2,February,1,2018,7,Wednesday,0
1142,2018-02-15 0:00:00,15,2,February,1,2018,7,Thursday,0
1143,2018-02-16 0:00:00,16,2,February,1,2018,7,Friday,0
1144,2018-02-17 0:00:00,17,2,February,1,2018,7,Saturday,1
1145,2018-02-18 0:00:00,18,2,February,1,2018,7,Sunday,1
1146,2018-02-19 0:00:00,19,2,February,1,2018,8,Monday,0
1147,2018-02-20 0:00:00,20,2,February,1,2018,8,Tuesday,0
1148,2018-02-21 0:00:00,21,2,February,1,2018,8,Wednesday,0
1149,2018-02-22 0:00:00,22,2,February,1,2018,8,Thursday,0
1150,2018-02-23 0:00:00,23,2,February,1,2018,8,Friday,0
1151,2018-02-24 0:00:00,24,2,February,1,2018,8,Saturday,1
1152,2018-02-25 0:00:00,25,2,February,1,2018,8,Sunday,1
1153,2018-02-26 0:00:00,26,2,February,1,2018,9,Monday,0
1154,2018-02-27 0:00:00,27,2,February,1,2018,9,Tuesday,0
1155,2018-02-28 0:00:00,28,2,February,1,2018,9,Wednesday,0
1156,2018-03-01 0:00:00,1,3,March,1,2018,9,Thursday,0
1157,2018-03-02 0:00:00,2,3,March,1,2018,9,Friday,0
1158,2018-03-03 0:00:00,3,3,March,1,2018,9,Saturday,1
1159,2018-03-04 0:00:00,4,3,March,1,2018,9,Sunday,1
1160,2018-03-05 0:00:00,5,3,March,1,2018,10,Monday,0
1161,2018-03-06 0:00:00,6,3,March,1,2018,10,Tuesday,0
1162,2018-03-07 0:00:00,7,3,March,1,2018,10,Wednesday,0
1163,2018-03-08 0:00:00,8,3,March,1,2018,10,Thursday,0
1164,2018-03-09 0:00:00,9,3,March,1,2018,10,Friday,0
1165,2018-03-10 0:00:00,10,3,March,1,2018,10,Saturday,1
1166,2018-03-11 0:00:00,11,3,March,1,2018,10,Sunday,1
1167,2018-03-12 0:00:00,12,3,March,1,2018,11,Monday,0
1168,2018-03-13 0:00:00,13,3,March,1,2018,11,Tuesday,0
1169,2018-03-14 0:00:00,14,3,March,1,2018,11,Wednesday,0
1170,2018-03-15 0:00:00,15,3,March,1,2018,11,Thursday,0
1171,2018-03-16 0:00:00,16,3,March,1,2018,11,Friday,0
1172,2018-03-17 0:00:00,17,3,March,1,2018,11,Saturday,1
1173,2018-03-18 0:00:00,18,3,March,1,2018,11,Sunday,1
1174,2018-03-19 0:00:00,19,3,March,1,2018,12,Monday,0
1175,2018-03-20 0:00:00,20,3,March,1,2018,12,Tuesday,0
1176,2018-03-21 0:00:00,21,3,March,1,2018,12,Wednesday,0
1177,2018-03-22 0:00:00,22,3,March,1,2018,12,Thursday,0
1178,2018-03-23 0:00:00,23,3,March,1,2018,12,Friday,0
1179,2018-03-24 0:00:00,24,3,March,1,2018,12,Saturday,1
1180,2018-03-25 0:00:00,25,3,March,1,2018,12,Sunday,1
1181,2018-03-26 0:00:00,26,3,March,1,2018,13,Monday,0
1182,2018-03-27 0:00:00,27,3,March,1,2018,13,Tuesday,0
1183,2018-03-28 0:00:00,28,3,March,1,2018,13,Wednesday,0
1184,2018-03-29 0:00:00,29,3,March,1,2018,13,Thursday,0
1185,2018-03-30 0:00:00,30,3,March,1,2018,13,Friday,0
1186,2018-03-31 0:00:00,31,3,March,1,2018,13,Saturday,1
1187,2018-04-01 0:00:00,1,4,April,2,2018,13,Sunday,1
1188,2018-04-02 0:00:00,2,4,April,2,2018,14,Monday,0
1189,2018-04-03 0:00:00,3,4,April,2,2018,14,Tuesday,0
1190,2018-04-04 0:00:00,4,4,April,2,2018,14,Wednesday,0
1191,2018-04-05 0:00:00,5,4,April,2,2018,14,Thursday,0
1192,2018-04-06 0:00:00,6,4,April,2,2018,14,Friday,0
1193,2018-04-07 0:00:00,7,4,April,2,2018,14,Saturday,1
1194,2018-04-08 0:00:00,8,4,April,2,2018,14,Sunday,1
1195,2018-04-09 0:00:00,9,4,April,2,2018,15,Monday,0
1196,2018-04-10 0:00:00,10,4,April,2,2018,15,Tuesday,0
1197,2018-04-11 0:00:00,11,4,April,2,2018,15,Wednesday,0
1198,2018-04-12 0:00:00,12,4,April,2,2018,15,Thursday,0
1199,2018-04-13 0:00:00,13,4,April,2,2018,15,Friday,0
1200,2018-04-14 0:00:00,14,4,April,2,2018,15,Saturday,1
1201,2018-04-15 0:00:00,15,4,April,2,2018,15,Sunday,1
1202,2018-04-16 0:00:00,16,4,April,2,2018,16,Monday,0
1203,2018-04-17 0:00:00,17,4,April,2,2018,16,Tuesday,0
1204,2018-04-18 0:00:00,18,4,April,2,2018,16,Wednesday,0
1205,2018-04-19 0:00:00,19,4,April,2,2018,16,Thursday,0
1206,2018-04-20 0:00:00,20,4,April,2,2018,16,Friday,0
1207,2018-04-21 0:00:00,21,4,April,2,2018,16,Saturday,1
1208,2018-04-22 0:00:00,22,4,April,2,2018,16,Sunday,1
1209,2018-04-23 0:00:00,23,4,April,2,2018,17,Monday,0
1210,2018-04-24 0:00:00,24,4,April,2,2018,17,Tuesday,0
1211,2018-04-25 0:00:00,25,4,April,2,2018,17,Wednesday,0
1212,2018-04-26 0:00:00,26,4,April,2,2018,17,Thursday,0
1213,2018-04-27 0:00:00,27,4,April,2,2018,17,Friday,0
1214,2018-04-28 0:00:00,28,4,April,2,2018,17,Saturday,1
1215,2018-04-29 0:00:00,29,4,April,2,2018,17,Sunday,1
1216,2018-04-30 0:00:00,30,4,April,2,2018,18,Monday,0
1217,2018-05-01 0:00:00,1,5,May,2,2018,18,Tuesday,0
1218,2018-05-02 0:00:00,2,5,May,2,2018,18,Wednesday,0
1219,2018-05-03 0:00:00,3,5,May,2,2018,18,Thursday,0
1220,2018-05-04 0:00:00,4,5,May,2,2018,18,Friday,0
1221,2018-05-05 0:00:00,5,5,May,2,2018,18,Saturday,1
1222,2018-05-06 0:00:00,6,5,May,2,2018,18,Sunday,1
1223,2018-05-07 0:00:00,7,5,May,2,2018,19,Monday,0
1224,2018-05-08 0:00:00,8,5,May,2,2018,19,Tuesday,0
1225,2018-05-09 0:00:00,9,5,May,2,2018,19,Wednesday,0
1226,2018-05-10 0:00:00,10,5,May,2,2018,19,Thursday,0
1227,2018-05-11 0:00:00,11,5,May,2,2018,19,Friday,0
1228,2018-05-12 0:00:00,12,5,May,2,2018,19,Saturday,1
1229,2018-05-13 0:00:00,13,5,May,2,2018,19,Sunday,1
1230,2018-05-14 0:00:00,14,5,May,2,2018,20,Monday,0
1231,2018-05-15 0:00:00,15,5,May,2,2018,20,Tuesday,0
1232,2018-05-16 0:00:00,16,5,May,2,2018,20,Wednesday,0
1233,2018-05-17 0:00:00,17,5,May,2,2018,20,Thursday,0
1234,2018-05-18 0:00:00,18,5,May,2,2018,20,Friday,0
1235,2018-05-19 0:00:00,19,5,May,2,2018,20,Saturday,1
1236,2018-05-20 0:00:00,20,5,May,2,2018,20,Sunday,1
1237,2018-05-21 0:00:00,21,5,May,2,2018,21,Monday,0
1238,2018-05-22 0:00:00,22,5,May,2,2018,21,Tuesday,0
1239,2018-05-23 0:00:00,23,5,May,2,2018,21,Wednesday,0
1240,2018-05-24 0:00:00,24,5,May,2,2018,21,Thursday,0
1241,2018-05-25 0:00:00,25,5,May,2,2018,21,Friday,0
1242,2018-05-26 0:00:00,26,5,May,2,2018,21,Saturday,1
1243,2018-05-27 0:00:00,27,5,May,2,2018,21,Sunday,1
1244,2018-05-28 0:00:00,28,5,May,2,2018,22,Monday,0
1245,2018-05-29 0:00:00,29,5,May,2,2018,22,Tuesday,0
1246,2018-05-30 0:00:00,30,5,May,2,2018,22,Wednesday,0
1247,2018-05-31 0:00:00,31,5,May,2,2018,22,Thursday,0
1248,2018-06-01 0:00:00,1,6,June,2,2018,22,Friday,0
1249,2018-06-02 0:00:00,2,6,June,2,2018,22,Saturday,1
1250,2018-06-03 0:00:00,3,6,June,2,2018,22,Sunday,1
1251,2018-06-04 0:00:00,4,6,June,2,2018,23,Monday,0
1252,2018-06-05 0:00:00,5,6,June,2,2018,23,Tuesday,0
1253,2018-06-06 0:00:00,6,6,June,2,2018,23,Wednesday,0
1254,2018-06-07 0:00:00,7,6,June,2,2018,23,Thursday,0
1255,2018-06-08 0:00:00,8,6,June,2,2018,23,Friday,0
1256,2018-06-09 0:00:00,9,6,June,2,2018,23,Saturday,1
1257,2018-06-10 0:00:00,10,6,June,2,2018,23,Sunday,1
1258,2018-06-11 0:00:00,11,6,June,2,2018,24,Monday,0
1259,2018-06-12 0:00:00,12,6,June,2,2018,24,Tuesday,0
1260,2018-06-13 0:00:00,13,6,June,2,2018,24,Wednesday,0
1261,2018-06-14 0:00:00,14,6,June,2,2018,24,Thursday,0
1262,2018-06-15 0:00:00,15,6,June,2,2018,24,Friday,0
1263,2018-06-16 0:00:00,16,6,June,2,2018,24,Saturday,1
1264,2018-06-17 0:00:00,17,6,June,2,2018,24,Sunday,1
1265,2018-06-18 0:00:00,18,6,June,2,2018,25,Monday,0
1266,2018-06-19 0:00:00,19,6,June,2,2018,25,Tuesday,0
1267,2018-06-20 0:00:00,20,6,June,2,2018,25,Wednesday,0
1268,2018-06-21 0:00:00,21,6,June,2,2018,25,Thursday,0
1269,2018-06-22 0:00:00,22,6,June,2,2018,25,Friday,0
1270,2018-06-23 0:00:00,23,6,June,2,2018,25,Saturday,1
1271,2018-06-24 0:00:00,24,6,June,2,2018,25,Sunday,1
1272,2018-06-25 0:00:00,25,6,June,2,2018,26,Monday,0
1273,2018-06-26 0:00:00,26,6,June,2,2018,26,Tuesday,0
1274,2018-06-27 0:00:00,27,6,June,2,2018,26,Wednesday,0
1275,2018-06-28 0:00:00,28,6,June,2,2018,26,Thursday,0
1276,2018-06-29 0:00:00,29,6,June,2,2018,26,Friday,0
1277,2018-06-30 0:00:00,30,6,June,2,2018,26,Saturday,1
1278,2018-07-01 0:00:00,1,7,July,3,2018,26,Sunday,1
1279,2018-07-02 0:00:00,2,7,July,3,2018,27,Monday,0
1280,2018-07-03 0:00:00,3,7,July,3,2018,27,Tuesday,0
1281,2018-07-04 0:00:00,4,7,July,3,2018,27,Wednesday,0
1282,2018-07-05 0:00:00,5,7,July,3,2018,27,Thursday,0
1283,2018-07-06 0:00:00,6,7,July,3,2018,27,Friday,0
1284,2018-07-07 0:00:00,7,7,July,3,2018,27,Saturday,1
1285,2018-07-08 0:00:00,8,7,July,3,2018,27,Sunday,1
1286,2018-07-09 0:00:00,9,7,July,3,2018,28,Monday,0
1287,2018-07-10 0:00:00,10,7,July,3,2018,28,Tuesday,0
1288,2018-07-11 0:00:00,11,7,July,3,2018,28,Wednesday,0
1289,2018-07-12 0:00:00,12,7,July,3,2018,28,Thursday,0
1290,2018-07-13 0:00:00,13,7,July,3,2018,28,Friday,0
1291,2018-07-14 0:00:00,14,7,July,3,2018,28,Saturday,1
1292,2018-07-15 0:00:00,15,7,July,3,2018,28,Sunday,1
1293,2018-07-16 0:00:00,16,7,July,3,2018,29,Monday,0
1294,2018-07-17 0:00:00,17,7,July,3,2018,29,Tuesday,0
1295,2018-07-18 0:00:00,18,7,July,3,2018,29,Wednesday,0
1296,2018-07-19 0:00:00,19,7,July,3,2018,29,Thursday,0
1297,2018-07-20 0:00:00,20,7,July,3,2018,29,Friday,0
1298,2018-07-21 0:00:00,21,7,July,3,2018,29,Saturday,1
1299,2018-07-22 0:00:00,22,7,July,3,2018,29,Sunday,1
1300,2018-07-23 0:00:00,23,7,July,3,2018,30,Monday,0
1301,2018-07-24 0:00:00,24,7,July,3,2018,30,Tuesday,0
1302,2018-07-25 0:00:00,25,7,July,3,2018,30,Wednesday,0
1303,2018-07-26 0:00:00,26,7,July,3,2018,30,Thursday,0
1304,2018-07-27 0:00:00,27,7,July,3,2018,30,Friday,0
1305,2018-07-28 0:00:00,28,7,July,3,2018,30,Saturday,1
1306,2018-07-29 0:00:00,29,7,July,3,2018,30,Sunday,1
1307,2018-07-30 0:00:00,30,7,July,3,2018,31,Monday,0
1308,2018-07-31 0:00:00,31,7,July,3,2018,31,Tuesday,0
1309,2018-08-01 0:00:00,1,8,August,3,2018,31,Wednesday,0
1310,2018-08-02 0:00:00,2,8,August,3,2018,31,Thursday,0
1311,2018-08-03 0:00:00,3,8,August,3,2018,31,Friday,0
1312,2018-08-04 0:00:00,4,8,August,3,2018,31,Saturday,1
1313,2018-08-05 0:00:00,5,8,August,3,2018,31,Sunday,1
1314,2018-08-06 0:00:00,6,8,August,3,2018,32,Monday,0
1315,2018-08-07 0:00:00,7,8,August,3,2018,32,Tuesday,0
1316,2018-08-08 0:00:00,8,8,August,3,2018,32,Wednesday,0
1317,2018-08-09 0:00:00,9,8,August,3,2018,32,Thursday,0
1318,2018-08-10 0:00:00,10,8,August,3,2018,32,Friday,0
1319,2018-08-11 0:00:00,11,8,August,3,2018,32,Saturday,1
1320,2018-08-12 0:00:00,12,8,August,3,2018,32,Sunday,1
1321,2018-08-13 0:00:00,13,8,August,3,2018,33,Monday,0
1322,2018-08-14 0:00:00,14,8,August,3,2018,33,Tuesday,0
1323,2018-08-15 0:00:00,15,8,August,3,2018,33,Wednesday,0
1324,2018-08-16 0:00:00,16,8,August,3,2018,33,Thursday,0
1325,2018-08-17 0:00:00,17,8,August,3,2018,33,Friday,0
1326,2018-08-18 0:00:00,18,8,August,3,2018,33,Saturday,1
1327,2018-08-19 0:00:00,19,8,August,3,2018,33,Sunday,1
1328,2018-08-20 0:00:00,20,8,August,3,2018,34,Monday,0
1329,2018-08-21 0:00:00,21,8,August,3,2018,34,Tuesday,0
1330,2018-08-22 0:00:00,22,8,August,3,2018,34,Wednesday,0
1331,2018-08-23 0:00:00,23,8,August,3,2018,34,Thursday,0
1332,2018-08-24 0:00:00,24,8,August,3,2018,34,Friday,0
1333,2018-08-25 0:00:00,25,8,August,3,2018,34,Saturday,1
1334,2018-08-26 0:00:00,26,8,August,3,2018,34,Sunday,1
1335,2018-08-27 0:00:00,27,8,August,3,2018,35,Monday,0
1336,2018-08-28 0:00:00,28,8,August,3,2018,35,Tuesday,0
1337,2018-08-29 0:00:00,29,8,August,3,2018,35,Wednesday,0
1338,2018-08-30 0:00:00,30,8,August,3,2018,35,Thursday,0
1339,2018-08-31 0:00:00,31,8,August,3,2018,35,Friday,0
1340,2018-09-01 0:00:00,1,9,September,3,2018,35,Saturday,1
1341,2018-09-02 0:00:00,2,9,September,3,2018,35,Sunday,1
1342,2018-09-03 0:00:00,3,9,September,3,2018,36,Monday,0
1343,2018-09-04 0:00:00,4,9,September,3,2018,36,Tuesday,0
1344,2018-09-05 0:00:00,5,9,September,3,2018,36,Wednesday,0
1345,2018-09-06 0:00:00,6,9,September,3,2018,36,Thursday,0
1346,2018-09-07 0:00:00,7,9,September,3,2018,36,Friday,0
1347,2018-09-08 0:00:00,8,9,September,3,2018,36,Saturday,1
1348,2018-09-09 0:00:00,9,9,September,3,2018,36,Sunday,1
1349,2018-09-10 0:00:00,10,9,September,3,2018,37,Monday,0
1350,2018-09-11 0:00:00,11,9,September,3,2018,37,Tuesday,0
1351,2018-09-12 0:00:00,12,9,September,3,2018,37,Wednesday,0
1352,2018-09-13 0:00:00,13,9,September,3,2018,37,Thursday,0
1353,2018-09-14 0:00:00,14,9,September,3,2018,37,Friday,0
1354,2018-09-15 0:00:00,15,9,September,3,2018,37,Saturday,1
1355,2018-09-16 0:00:00,16,9,September,3,2018,37,Sunday,1
1356,2018-09-17 0:00:00,17,9,September,3,2018,38,Monday,0
1357,2018-09-18 0:00:00,18,9,September,3,2018,38,Tuesday,0
1358,2018-09-19 0:00:00,19,9,September,3,2018,38,Wednesday,0
1359,2018-09-20 0:00:00,20,9,September,3,2018,38,Thursday,0
1360,2018-09-21 0:00:00,21,9,September,3,2018,38,Friday,0
1361,2018-09-22 0:00:00,22,9,September,3,2018,38,Saturday,1
1362,2018-09-23 0:00:00,23,9,September,3,2018,38,Sunday,1
1363,2018-09-24 0:00:00,24,9,September,3,2018,39,Monday,0
1364,2018-09-25 0:00:00,25,9,September,3,2018,39,Tuesday,0
1365,2018-09-26 0:00:00,26,9,September,3,2018,39,Wednesday,0
1366,2018-09-27 0:00:00,27,9,September,3,2018,39,Thursday,0
1367,2018-09-28 0:00:00,28,9,September,3,2018,39,Friday,0
1368,2018-09-29 0:00:00,29,9,September,3,2018,39,Saturday,1
1369,2018-09-30 0:00:00,30,9,September,3,2018,39,Sunday,1
1370,2018-10-01 0:00:00,1,10,October,4,2018,40,Monday,0
1371,2018-10-02 0:00:00,2,10,October,4,2018,40,Tuesday,0
1372,2018-10-03 0:00:00,3,10,October,4,2018,40,Wednesday,0
1373,2018-10-04 0:00:00,4,10,October,4,2018,40,Thursday,0
1374,2018-10-05 0:00:00,5,10,October,4,2018,40,Friday,0
1375,2018-10-06 0:00:00,6,10,October,4,2018,40,Saturday,1
1376,2018-10-07 0:00:00,7,10,October,4,2018,40,Sunday,1
1377,2018-10-08 0:00:00,8,10,October,4,2018,41,Monday,0
1378,2018-10-09 0:00:00,9,10,October,4,2018,41,Tuesday,0
1379,2018-10-10 0:00:00,10,10,October,4,2018,41,Wednesday,0
1380,2018-10-11 0:00:00,11,10,October,4,2018,41,Thursday,0
1381,2018-10-12 0:00:00,12,10,October,4,2018,41,Friday,0
1382,2018-10-13 0:00:00,13,10,October,4,2018,41,Saturday,1
1383,2018-10-14 0:00:00,14,10,October,4,2018,41,Sunday,1
1384,2018-10-15 0:00:00,15,10,October,4,2018,42,Monday,0
1385,2018-10-16 0:00:00,16,10,October,4,2018,42,Tuesday,0
1386,2018-10-17 0:00:00,17,10,October,4,2018,42,Wednesday,0
1387,2018-10-18 0:00:00,18,10,October,4,2018,42,Thursday,0
1388,2018-10-19 0:00:00,19,10,October,4,2018,42,Friday,0
1389,2018-10-20 0:00:00,20,10,October,4,2018,42,Saturday,1
1390,2018-10-21 0:00:00,21,10,October,4,2018,42,Sunday,1
1391,2018-10-22 0:00:00,22,10,October,4,2018,43,Monday,0
1392,2018-10-23 0:00:00,23,10,October,4,2018,43,Tuesday,0
1393,2018-10-24 0:00:00,24,10,October,4,2018,43,Wednesday,0
1394,2018-10-25 0:00:00,25,10,October,4,2018,43,Thursday,0
1395,2018-10-26 0:00:00,26,10,October,4,2018,43,Friday,0
1396,2018-10-27 0:00:00,27,10,October,4,2018,43,Saturday,1
1397,2018-10-28 0:00:00,28,10,October,4,2018,43,Sunday,1
1398,2018-10-29 0:00:00,29,10,October,4,2018,44,Monday,0
1399,2018-10-30 0:00:00,30,10,October,4,2018,44,Tuesday,0
1400,2018-10-31 0:00:00,31,10,October,4,2018,44,Wednesday,0
1401,2018-11-01 0:00:00,1,11,November,4,2018,44,Thursday,0
1402,2018-11-02 0:00:00,2,11,November,4,2018,44,Friday,0
1403,2018-11-03 0:00:00,3,11,November,4,2018,44,Saturday,1
1404,2018-11-04 0:00:00,4,11,November,4,2018,44,Sunday,1
1405,2018-11-05 0:00:00,5,11,November,4,2018,45,Monday,0
1406,2018-11-06 0:00:00,6,11,November,4,2018,45,Tuesday,0
1407,2018-11-07 0:00:00,7,11,November,4,2018,45,Wednesday,0
1408,2018-11-08 0:00:00,8,11,November,4,2018,45,Thursday,0
1409,2018-11-09 0:00:00,9,11,November,4,2018,45,Friday,0
1410,2018-11-10 0:00:00,10,11,November,4,2018,45,Saturday,1
1411,2018-11-11 0:00:00,11,11,November,4,2018,45,Sunday,1
1412,2018-11-12 0:00:00,12,11,November,4,2018,46,Monday,0
1413,2018-11-13 0:00:00,13,11,November,4,2018,46,Tuesday,0
1414,2018-11-14 0:00:00,14,11,November,4,2018,46,Wednesday,0
1415,2018-11-15 0:00:00,15,11,November,4,2018,46,Thursday,0
1416,2018-11-16 0:00:00,16,11,November,4,2018,46,Friday,0
1417,2018-11-17 0:00:00,17,11,November,4,2018,46,Saturday,1
1418,2018-11-18 0:00:00,18,11,November,4,2018,46,Sunday,1
1419,2018-11-19 0:00:00,19,11,November,4,2018,47,Monday,0
1420,2018-11-20 0:00:00,20,11,November,4,2018,47,Tuesday,0
1421,2018-11-21 0:00:00,21,11,November,4,2018,47,Wednesday,0
1422,2018-11-22 0:00:00,22,11,November,4,2018,47,Thursday,0
1423,2018-11-23 0:00:00,23,11,November,4,2018,47,Friday,0
1424,2018-11-24 0:00:00,24,11,November,4,2018,47,Saturday,1
1425,2018-11-25 0:00:00,25,11,November,4,2018,47,Sunday,1
1426,2018-11-26 0:00:00,26,11,November,4,2018,48,Monday,0
1427,2018-11-27 0:00:00,27,11,November,4,2018,48,Tuesday,0
1428,2018-11-28 0:00:00,28,11,November,4,2018,48,Wednesday,0
1429,2018-11-29 0:00:00,29,11,November,4,2018,48,Thursday,0
1430,2018-11-30 0:00:00,30,11,November,4,2018,48,Friday,0
1431,2018-12-01 0:00:00,1,12,December,4,2018,48,Saturday,1
